MobileTransID,CustomerID,DeviceID,AppVersion,TransactionType,Amount,Date,Country
1,278,I6JOFGNC,1,Transfer,10304,1/22/2025,UZB
2,569,MXJ27T6Y,1.1,Transfer,10005,1/7/2025,UZB
3,556,1YAHGVDP,2,Transfer,8973,12/21/2025,FRA
4,610,VC0R19PI,2,Transfer,6487,3/12/2025,GER
5,355,8CZ3EQMO,1,Payment,2219,7/23/2025,UK
6,564,ZBRPV0XK,2,Transfer,14300,7/12/2025,UZB
7,65,DRH8UJOQ,2,Deposit,10167,11/9/2025,GER
8,131,4YMR532I,1.1,Payment,11837,9/7/2025,GER
9,917,2391N8HG,1,Payment,19556,12/15/2025,UK
10,929,2OCB1Y79,1,Payment,10396,4/16/2025,UK
11,994,J4EIV8OX,2,Transfer,19252,2/19/2025,FRA
12,391,EH4JP3GO,2,Transfer,18181,1/19/2025,UK
13,41,UFGWQZ7H,1.2,Deposit,17163,3/14/2025,UK
14,963,V5LG32CW,1.1,Transfer,3837,10/24/2025,FRA
15,145,6SKANTQJ,1.2,Deposit,11345,7/22/2025,UK
16,225,YS30TV85,1.2,Payment,8583,11/27/2025,UZB
17,22,7UMGODLZ,2,Payment,11211,4/8/2025,UZB
18,376,G4LDU7AK,1.2,Payment,10679,1/20/2025,UZB
19,3,YGI120FW,2,Deposit,6951,10/12/2025,UZB
20,505,1O0L8Q7W,1,Transfer,2201,11/14/2025,USA
21,454,CI89PAEF,1.2,Payment,8883,10/5/2025,UK
22,47,EMYJ970A,1,Payment,10783,7/12/2025,UZB
23,237,CND36H10,1.1,Deposit,16548,11/30/2025,USA
24,643,TUNXPIY6,1.1,Payment,13310,9/23/2025,UZB
25,420,YKGBLD5W,1.2,Deposit,10426,7/26/2025,GER
26,936,EUXVPJFS,1.2,Payment,17132,3/6/2025,UK
27,797,CD3SXGLY,1.2,Payment,17526,4/1/2025,USA
28,795,ASBNOC70,2,Deposit,13826,12/27/2025,UK
29,70,X3B56IOG,1,Deposit,7687,1/28/2025,UK
30,911,E3VDF5GC,1.1,Transfer,12510,4/12/2025,UZB
31,611,F8JOUZ1D,2,Transfer,5398,6/25/2025,FRA
32,389,D3498M7Z,1,Deposit,6188,12/2/2025,UZB
33,266,URPCX6N9,1,Payment,10766,12/14/2025,FRA
34,801,579EF4YW,1,Deposit,7780,12/13/2025,GER
35,223,9LX8YIWB,1.2,Payment,13410,11/26/2025,UZB
36,926,RNU90SX6,2,Deposit,6716,4/14/2025,UZB
37,256,7MLJO5NF,1,Payment,7136,11/6/2025,FRA
38,622,A529CJIU,1.1,Deposit,11953,3/21/2025,FRA
39,677,25DQSUHW,1.1,Transfer,5559,10/10/2025,UK
40,254,7OTEQR3C,1,Deposit,10790,4/5/2025,USA
41,898,67RUL5XI,1.1,Deposit,11727,6/2/2025,FRA
42,20,GHKZ5YCJ,1,Deposit,3362,10/13/2025,UZB
43,566,USJVI916,2,Deposit,17147,11/28/2025,FRA
44,208,GHVX15ER,1.2,Deposit,3552,3/25/2025,UZB
45,315,IRAQE40F,1,Payment,5171,11/25/2025,USA
46,396,UF9GVO41,1,Deposit,745,1/20/2025,UZB
47,993,MUDOKA5R,2,Deposit,16511,12/8/2025,USA
48,338,KBUG2814,1.2,Deposit,9468,3/29/2025,UK
49,538,GITCDW4U,1.2,Payment,15959,12/11/2025,UK
50,273,49HG38C2,1,Deposit,8620,8/3/2025,USA
51,18,GXUE2B50,1.2,Transfer,18914,5/4/2025,UK
52,977,CIA1J3YH,2,Deposit,13717,2/16/2025,UK
53,164,F91T0LXZ,1,Payment,14459,3/10/2025,UK
54,499,HY05INC6,1.1,Deposit,16469,4/21/2025,FRA
55,268,IH3ZOQGF,1,Payment,9364,11/3/2025,GER
56,282,3UQ2CW9L,2,Payment,3632,8/9/2025,UZB
57,72,I1UZT56A,1,Transfer,19142,11/30/2025,UZB
58,531,7K1JQVMG,1.1,Deposit,17905,1/25/2025,UZB
59,399,C4UFYOPX,1.2,Transfer,14761,2/9/2025,UZB
60,378,V3HFJBAS,1.1,Deposit,3656,2/10/2025,FRA
61,696,Z1E3897X,1,Transfer,16858,7/24/2025,FRA
62,906,SPYCKBF7,2,Transfer,2180,11/11/2025,UK
63,535,M8J2XGO7,1.2,Transfer,10075,9/15/2025,USA
64,329,0KX52I68,1.2,Deposit,11078,10/27/2025,FRA
65,314,KPHIW9GC,1.1,Deposit,14260,9/10/2025,USA
66,321,LMW4TPFN,1,Deposit,15703,8/6/2025,USA
67,281,7JCZ6IB0,1.1,Deposit,5084,5/15/2025,USA
68,283,IFAOGR27,1,Payment,14277,8/26/2025,FRA
69,425,UTR72AI3,1.2,Transfer,5162,5/1/2025,GER
70,948,JGAC3S4D,1.2,Transfer,3705,5/23/2025,USA
71,150,GW1EHALC,1.2,Payment,8817,2/17/2025,USA
72,917,NJGF6RIV,1,Payment,17183,10/31/2025,GER
73,209,JOIAZ14N,1.1,Payment,10685,11/14/2025,FRA
74,866,TRP92Q4F,2,Deposit,10346,7/21/2025,UZB
75,707,79C4GEAP,1,Deposit,17124,4/28/2025,UZB
76,861,VOC679XZ,1,Deposit,14870,6/30/2025,GER
77,872,IY1DRCKO,2,Payment,7516,1/3/2025,GER
78,853,BO20PY8Z,2,Transfer,17160,7/15/2025,UK
79,326,0ML9W65D,1.2,Payment,7649,1/2/2025,UZB
80,310,DJNIW73T,1,Transfer,13771,10/28/2025,USA
81,37,8WX4F2LK,1.1,Deposit,16513,2/14/2025,FRA
82,252,XKIZFPGA,1,Transfer,16845,10/5/2025,GER
83,437,XQMD4IST,1.2,Payment,4026,5/22/2025,FRA
84,215,MGVBZI4W,1,Deposit,17992,3/31/2025,FRA
85,903,KHACI025,1.2,Payment,15881,1/23/2025,FRA
86,894,PI8H43BD,2,Payment,14593,11/19/2025,UZB
87,417,34D8LREM,2,Deposit,14931,6/7/2025,GER
88,205,4XVANMJ8,1.1,Transfer,14042,1/18/2025,UZB
89,653,NT8EDFYB,1.1,Deposit,10964,3/21/2025,UK
90,559,B6PS80DX,1,Deposit,16830,3/4/2025,UZB
91,66,NUMA8EVR,2,Transfer,14351,11/3/2025,FRA
92,176,YQUWTZRN,1,Deposit,1526,3/31/2025,UZB
93,579,Y7DQ89R2,1.1,Deposit,14434,11/29/2025,UK
94,62,2BUWC68R,1,Payment,1086,6/24/2025,GER
95,396,NG7L1HFU,1,Transfer,12268,8/22/2025,GER
96,137,T6OV7DQ4,1,Deposit,19295,11/21/2025,GER
97,117,96XTES7Q,1.1,Transfer,246,2/6/2025,USA
98,843,IKB7ARTZ,1,Payment,11974,9/30/2025,GER
99,341,8X1Z24KI,2,Deposit,4332,4/3/2025,USA
100,811,8POA7EWC,1.2,Deposit,2603,2/1/2025,FRA
101,324,KLHUEZA2,1,Payment,19277,5/17/2025,GER
102,807,UFQ583IM,1.2,Payment,18941,12/26/2025,UK
103,11,4NX2G76L,2,Transfer,7540,11/9/2025,UZB
104,596,3DKTR5CS,1.2,Deposit,7282,4/11/2025,UK
105,487,0Z2BIJ8Q,1.2,Deposit,14164,3/4/2025,GER
106,137,RAGE81V4,1.2,Transfer,9920,11/9/2025,GER
107,321,AB08UN4H,1,Payment,5647,7/6/2025,UK
108,835,4KSNLHW2,1.2,Deposit,7929,9/17/2025,UZB
109,201,SA725TKQ,1.2,Payment,11486,8/18/2025,GER
110,865,CLNUV428,1.1,Deposit,5851,1/25/2025,FRA
111,2,1UPFR63Z,1.1,Deposit,11712,8/28/2025,GER
112,475,ZV30K1I4,1,Deposit,2186,8/3/2025,GER
113,810,IC2DZNBG,1,Payment,14702,7/26/2025,UK
114,480,50K8L1RU,1,Payment,19099,2/4/2025,UZB
115,351,0A9LWYTN,1,Payment,18787,4/14/2025,UZB
116,534,0YLV7GIA,2,Payment,19946,11/23/2025,UZB
117,469,KQE6DU87,1,Deposit,12156,4/15/2025,USA
118,62,DC4RJ726,1,Deposit,2289,8/25/2025,FRA
119,30,0SBQVUGX,1.1,Deposit,1244,7/24/2025,FRA
120,879,3K4SL1VA,1.1,Deposit,15083,3/28/2025,UK
121,964,KFQPSN8R,1,Deposit,18516,4/25/2025,UK
122,643,CT7AF3QN,1.2,Payment,8857,2/18/2025,UZB
123,673,TH3SB6DI,1.1,Payment,15218,6/16/2025,UK
124,761,IQAGBEXF,2,Payment,11457,1/8/2025,FRA
125,767,19HXCUIY,1.2,Deposit,8626,7/6/2025,USA
126,216,B1MW8ZEJ,1.2,Transfer,9995,7/20/2025,UZB
127,258,BHNJTIL3,1,Deposit,9392,7/1/2025,UZB
128,733,QJA945L1,2,Transfer,1168,5/20/2025,USA
129,599,J305LZ4Q,1.2,Transfer,18072,1/19/2025,FRA
130,705,3C8YRK7B,1.1,Deposit,16983,11/19/2025,UZB
131,292,VM96JH43,2,Payment,19946,10/20/2025,FRA
132,700,6JP1UA04,2,Deposit,8464,6/12/2025,UK
133,623,FSEKAPZ9,1.2,Transfer,380,10/8/2025,UZB
134,740,5CG7Z26X,2,Payment,9272,5/25/2025,USA
135,839,OMGPK801,1,Transfer,18864,6/1/2025,GER
136,8,9TQAM0BL,1.1,Deposit,12341,10/29/2025,GER
137,378,DTQ9UM0C,1,Transfer,14705,2/23/2025,GER
138,413,Z6P8GTHN,1.1,Transfer,17996,8/14/2025,GER
139,878,JWQONCEA,1.2,Transfer,19819,1/15/2025,UZB
140,861,LCK8AOZR,2,Payment,332,11/29/2025,UZB
141,96,2ILYTXFZ,1,Deposit,7686,11/20/2025,UZB
142,456,LNI7GWJV,1.1,Deposit,3552,2/19/2025,FRA
143,841,EAXYKZFR,1.2,Transfer,3034,5/26/2025,UZB
144,59,8GWP5KXJ,1,Payment,17198,3/1/2025,FRA
145,445,2WXOZAJ1,1,Deposit,5827,5/15/2025,UZB
146,163,J3K2IWVD,1,Transfer,13893,3/3/2025,UZB
147,149,6YXKE7PM,1,Payment,1552,3/17/2025,UZB
148,871,RKHXAZWE,1.2,Payment,7794,2/20/2025,GER
149,119,V0EJUMAL,1.1,Deposit,5897,11/9/2025,GER
150,27,SG8DXKQT,2,Transfer,14308,8/4/2025,UZB
151,360,736YKVIS,1.1,Deposit,6898,10/1/2025,FRA
152,102,ERN38S42,1.1,Deposit,12338,3/20/2025,UK
153,616,JDTWMQZ3,2,Transfer,13066,1/29/2025,GER
154,279,8PGHJ10Z,2,Payment,15269,5/13/2025,FRA
155,444,H7UM4BOS,1,Transfer,19416,10/9/2025,UK
156,769,EFYP8M6B,1,Payment,12221,11/12/2025,UK
157,969,XMK3F8V2,1.2,Payment,7037,6/4/2025,UK
158,111,A569NVOW,1,Deposit,8337,7/25/2025,UZB
159,72,2U40T3CM,1.1,Deposit,13913,3/10/2025,UZB
160,826,0GWDFS2N,2,Payment,8832,2/18/2025,GER
161,860,EI5VTFLW,1.1,Payment,3630,2/13/2025,GER
162,226,QI8NCJYU,2,Payment,9,4/11/2025,FRA
163,623,PD1TOI2F,1.1,Transfer,15362,10/10/2025,GER
164,491,26BI9PDE,1,Transfer,18229,6/4/2025,USA
165,819,58UPBGOV,1.1,Transfer,10808,2/5/2025,UK
166,305,O0LY946P,1.1,Payment,15039,4/21/2025,GER
167,342,Z527XV4C,1.2,Transfer,19077,8/18/2025,GER
168,893,1QUHK0Y8,1,Payment,16819,9/11/2025,GER
169,421,4210TRNP,1.1,Deposit,8745,9/1/2025,UK
170,854,SA59P0D3,1,Payment,12629,10/22/2025,GER
171,526,FOA0BENP,2,Payment,7888,4/11/2025,UZB
172,586,Y07RB3OE,2,Payment,16382,9/26/2025,UZB
173,135,RE2JFC1U,2,Deposit,150,8/10/2025,FRA
174,444,W3XZSI70,1,Payment,16198,3/6/2025,GER
175,712,3TYOKJ5N,1.2,Transfer,14297,10/6/2025,USA
176,519,U5Y8C1AD,1.1,Transfer,18507,10/4/2025,GER
177,437,3Y9C4ZR8,2,Payment,5846,10/6/2025,UK
178,676,0PIB739E,1,Deposit,1102,7/11/2025,FRA
179,828,YCWF8JM2,1,Transfer,12917,10/8/2025,UK
180,226,B19ZIPWS,2,Deposit,19938,10/6/2025,UZB
181,451,5PQS9KMF,1.2,Deposit,195,6/23/2025,USA
182,479,BC3A2HNK,2,Payment,13408,4/23/2025,USA
183,688,D3UCPR91,2,Transfer,16895,3/8/2025,FRA
184,623,WUSXC0MG,1.2,Transfer,12005,9/14/2025,UK
185,284,9BMU6TCL,2,Transfer,12547,11/20/2025,UZB
186,109,AU5PWJSE,2,Payment,15395,3/29/2025,USA
187,465,8H6DEWVP,1.2,Deposit,9876,5/7/2025,UK
188,770,THEJOSYL,1.2,Transfer,6001,1/31/2025,GER
189,400,K2XPCOI8,2,Deposit,16144,2/11/2025,UK
190,55,L210XUP6,1.2,Payment,3936,4/18/2025,UK
191,811,XJW3HCBL,1.1,Payment,9795,5/1/2025,USA
192,627,80IPJ5MW,1.1,Deposit,18921,12/29/2025,UK
193,399,7GIQBXL2,1.1,Deposit,10080,1/30/2025,FRA
194,861,Y3NQFRMW,2,Deposit,7683,10/8/2025,UK
195,114,P89JRL6O,1.1,Transfer,9698,3/5/2025,UK
196,630,4R0S3LID,1,Transfer,13771,12/15/2025,USA
197,349,XMEOGB1L,1.2,Deposit,1563,5/27/2025,USA
198,33,7XCTLKUA,1,Transfer,18446,11/6/2025,FRA
199,801,RQ30GDNA,1,Deposit,113,6/26/2025,UZB
200,604,HZU1AFKN,1,Transfer,396,8/22/2025,FRA
201,773,4L807BUT,1,Payment,13979,10/21/2025,GER
202,876,GT9DBUP2,1,Transfer,19113,12/11/2025,FRA
203,746,8ZHCTGXW,1,Deposit,6922,2/18/2025,FRA
204,91,Y9TO8ZDM,1,Transfer,4243,11/19/2025,GER
205,568,Q19HFDPZ,1.1,Deposit,11383,1/9/2025,FRA
206,339,9DX0B6FA,2,Payment,8273,11/14/2025,GER
207,472,C6JX9D8V,1.1,Transfer,16225,9/17/2025,UK
208,233,XG6ZMORC,1.2,Payment,10392,2/4/2025,FRA
209,2,MF0BXS95,2,Payment,6944,4/16/2025,USA
210,575,ME6SQYK5,1,Transfer,5515,5/27/2025,USA
211,193,GEBPILUZ,1.1,Deposit,14616,12/16/2025,UZB
212,159,SC8RUGBV,1.1,Payment,4318,11/21/2025,GER
213,453,WL0VH1P7,1.1,Deposit,6172,5/14/2025,USA
214,5,C3AEYISR,1,Transfer,18500,1/3/2025,UZB
215,695,RHBF5X4G,1.1,Payment,15821,11/14/2025,GER
216,415,T9R5QZKE,1.2,Deposit,8604,4/27/2025,USA
217,367,KZH1VLT9,2,Payment,10836,4/7/2025,GER
218,566,KASF4LJT,2,Deposit,4309,8/28/2025,USA
219,204,10P6VHMN,1.1,Transfer,15994,2/13/2025,UZB
220,300,KXGYBP9Q,2,Transfer,9371,4/24/2025,FRA
221,984,ORWGJ09Q,1.1,Transfer,17363,8/6/2025,FRA
222,273,270CD3QE,1.2,Transfer,51,12/14/2025,UK
223,715,W8JSTP02,1.2,Deposit,16355,6/2/2025,GER
224,800,7SBLDXUK,2,Payment,1930,4/29/2025,UK
225,205,9Y0T3UBO,1.2,Deposit,3290,3/28/2025,FRA
226,893,2OXHKQD4,2,Transfer,16652,6/30/2025,GER
227,50,ORZID908,1.2,Payment,1043,6/23/2025,FRA
228,618,8HZ6EO0Q,2,Transfer,15550,4/30/2025,UK
229,635,QPY208IB,2,Deposit,1840,11/9/2025,USA
230,154,K063A1BC,1.2,Payment,13122,6/24/2025,UZB
231,144,J91MV7LE,2,Payment,14497,3/29/2025,UZB
232,691,Y4VDO76F,1.2,Transfer,2439,6/18/2025,FRA
233,520,E59QSHLJ,1.1,Transfer,6584,7/29/2025,GER
234,936,VDW92Y40,2,Payment,732,8/20/2025,GER
235,40,HC07GI3J,1,Payment,6114,2/8/2025,UZB
236,991,43TYEAFW,1,Transfer,11181,9/20/2025,GER
237,570,UJB2GISV,2,Transfer,4051,12/9/2025,GER
238,953,NFPHK02A,2,Deposit,17806,8/7/2025,FRA
239,764,91WM4N8U,2,Transfer,6717,7/6/2025,UK
240,164,UVN8YWXQ,1.1,Deposit,5132,10/7/2025,GER
241,372,O3KZ2LTP,1,Payment,11124,4/19/2025,UK
242,156,Y3F6HPXU,1.1,Transfer,18006,4/7/2025,GER
243,1000,GMNUQKW0,2,Payment,8082,9/14/2025,UK
244,67,B8TAWE14,2,Transfer,13882,10/9/2025,UK
245,694,MB6JKC2S,1,Payment,17673,11/1/2025,FRA
246,383,2XUNTMGO,2,Transfer,11984,1/13/2025,UZB
247,781,A4Y38NML,2,Deposit,2476,6/5/2025,UK
248,812,JXG24AC7,2,Deposit,11016,11/9/2025,GER
249,68,D0U4MP9Y,2,Payment,9667,4/2/2025,UK
250,26,K7UB3QPR,1.2,Transfer,4075,11/11/2025,UK
251,236,4W9A7SN0,2,Deposit,4143,4/1/2025,FRA
252,345,UK8JTIBL,1.1,Deposit,7554,4/26/2025,UZB
253,728,BD54P7O0,1.1,Deposit,3898,5/1/2025,GER
254,11,3Q6SMA1F,1.1,Transfer,8217,7/23/2025,GER
255,62,IFK2LYRX,1.1,Deposit,10812,8/1/2025,USA
256,383,B5FYS2KG,1,Transfer,1491,12/10/2025,USA
257,585,MD1BFVW6,1.2,Transfer,16529,9/23/2025,FRA
258,93,97Z4I0OR,2,Payment,3073,1/18/2025,UK
259,8,BGE36Y9A,1.2,Deposit,10374,12/16/2025,UZB
260,34,FY2LTXQ5,1,Payment,12532,2/26/2025,FRA
261,938,K3M7Z0GI,1.1,Deposit,3231,5/7/2025,USA
262,433,V6E1CZKS,1.1,Deposit,15037,4/16/2025,UZB
263,197,1VUHTAN9,1,Transfer,8755,7/8/2025,UK
264,894,9OULEV6H,1.2,Transfer,16440,9/20/2025,UK
265,251,NZCDE95X,2,Payment,7279,8/7/2025,UZB
266,864,PZWOLN34,1.2,Transfer,9383,5/5/2025,FRA
267,725,RON2KDIW,1,Transfer,9865,11/23/2025,UZB
268,66,2WQAK7YN,2,Deposit,1382,1/9/2025,FRA
269,338,FNW2DOM5,1.2,Payment,10588,10/3/2025,UZB
270,478,F8UMO61S,1.1,Transfer,18678,3/20/2025,USA
271,689,9YC7IUL1,1.2,Payment,3229,8/14/2025,USA
272,682,CY0ID21Z,1.1,Payment,12687,10/27/2025,GER
273,687,47JILFBK,1.2,Payment,12968,5/29/2025,USA
274,382,XKG3YT0B,1.1,Transfer,10605,8/2/2025,USA
275,434,X2POG4I8,1.1,Payment,17187,12/14/2025,GER
276,285,D5N6TQOH,1,Transfer,14707,1/14/2025,FRA
277,525,9PUNQS5L,2,Deposit,13464,11/14/2025,GER
278,554,26HGAMDF,1.2,Payment,14912,4/25/2025,UK
279,179,8YXVTWF7,1.2,Deposit,8815,9/2/2025,USA
280,371,ZFCJ08VH,1.1,Deposit,18477,5/9/2025,GER
281,900,YEWTD4XL,1,Transfer,5117,2/18/2025,FRA
282,71,WFYAZNRM,1,Deposit,767,8/22/2025,UZB
283,911,7WYCV3EM,1.1,Transfer,7093,10/6/2025,UK
284,176,YS3KO8ZQ,1.2,Deposit,9625,4/21/2025,GER
285,247,71YQ4RI3,1,Payment,19585,6/26/2025,UZB
286,711,B92MWNK3,1,Transfer,11304,12/16/2025,GER
287,408,KGNOE4H5,1.1,Transfer,4633,1/29/2025,UK
288,976,4B3YW768,2,Payment,18222,6/27/2025,GER
289,468,53U0DRYI,1.1,Transfer,7994,3/2/2025,GER
290,684,TG7HAYIS,1.2,Deposit,3782,9/17/2025,UZB
291,136,CL7E6DFO,1.2,Deposit,13434,9/20/2025,UK
292,301,2JTB3XID,1,Payment,8863,8/30/2025,FRA
293,932,KM26A8C3,2,Deposit,3803,9/27/2025,FRA
294,673,GS487DOJ,1.1,Deposit,4108,9/21/2025,UZB
295,400,ZDJ83CE4,2,Payment,7203,1/17/2025,USA
296,606,DBRXMAH8,1,Deposit,7533,11/16/2025,UZB
297,523,OZJ2YG1X,1.2,Deposit,15264,1/13/2025,FRA
298,608,SEKLXUYH,1,Deposit,11511,2/28/2025,UK
299,681,TJOQ6CXB,1,Deposit,5780,7/8/2025,FRA
300,419,20OAZ8QN,1,Payment,1577,3/26/2025,UZB
301,844,NUM5GSKW,1.1,Deposit,8183,6/22/2025,UZB
302,694,W4LP9UEV,1,Transfer,7094,8/7/2025,GER
303,945,AFK7MDWS,1.2,Transfer,12841,4/20/2025,UK
304,334,L9NO4X2E,1,Deposit,3174,3/28/2025,UZB
305,970,G536KFM8,1.2,Transfer,14196,9/4/2025,UK
306,382,KTQ6WMFG,1,Deposit,13147,12/3/2025,UZB
307,68,H1CS5TRW,2,Deposit,7172,8/8/2025,GER
308,602,MUEOI4G1,1.1,Transfer,15841,10/1/2025,GER
309,501,IMYNZRH4,2,Transfer,9831,3/19/2025,UZB
310,257,TM0BLS94,1.2,Payment,19281,3/3/2025,UZB
311,488,GLXNHBSY,2,Transfer,2448,10/28/2025,GER
312,196,YEZH8UD2,1.2,Deposit,18677,4/9/2025,USA
313,809,PAOI3UCJ,1.2,Deposit,16534,8/25/2025,FRA
314,589,8B2FCL6D,1.2,Transfer,10105,6/10/2025,UK
315,926,NOYL10QP,1,Deposit,13116,9/2/2025,USA
316,946,QUGYP5BD,2,Deposit,4814,7/6/2025,FRA
317,370,WIBFJ9U8,1.2,Transfer,1298,3/14/2025,USA
318,117,791MXGFO,1.2,Deposit,13607,9/1/2025,GER
319,11,D7H9Q3IY,1.2,Deposit,18171,4/19/2025,USA
320,903,GF281PVR,1,Transfer,7626,2/24/2025,USA
321,365,PUJN6GKE,1.2,Deposit,18553,1/6/2025,FRA
322,515,8J6PMC3U,2,Transfer,5120,7/23/2025,UK
323,151,SD07AVUC,1.1,Payment,12559,12/13/2025,UK
324,870,OSCP1HYX,1.2,Payment,12426,5/4/2025,UZB
325,802,92IYM8T1,1.2,Transfer,12807,11/16/2025,UZB
326,962,V2Q4ICOR,1,Deposit,14649,5/17/2025,USA
327,818,T6RDNBSF,1.2,Transfer,18188,10/4/2025,USA
328,540,PW3C76AH,1.1,Transfer,8113,10/2/2025,USA
329,472,TCB5S926,2,Deposit,8621,1/29/2025,FRA
330,772,1CH6RJPI,1,Transfer,9400,9/11/2025,UZB
331,102,PCSM2KUF,1,Payment,6203,9/21/2025,UK
332,110,IAVH98E5,1.1,Transfer,1741,4/21/2025,UK
333,49,74Z29FDT,1,Deposit,17139,5/9/2025,GER
334,442,SFB0ATJX,1,Payment,8950,7/12/2025,FRA
335,908,CJU4ONLI,2,Payment,13596,8/10/2025,FRA
336,279,FV7RUIAQ,1.1,Transfer,3389,1/16/2025,UZB
337,20,H098EWM5,2,Transfer,490,1/11/2025,USA
338,931,B4KT9UJS,1,Transfer,13193,7/28/2025,UZB
339,609,N3D2O7W9,1,Deposit,2102,3/2/2025,FRA
340,518,WF218YLB,1.2,Deposit,9594,2/22/2025,USA
341,538,86QPKTZ3,2,Transfer,10819,2/8/2025,GER
342,864,ZH65KLFQ,1.1,Deposit,14535,1/22/2025,GER
343,843,AXKJRZ3F,1.1,Transfer,9196,6/29/2025,UK
344,288,CMJ7GUXP,1,Deposit,15042,8/22/2025,FRA
345,543,E98QWV06,1.1,Transfer,9506,12/16/2025,UK
346,843,QTB8EK93,1,Transfer,10646,7/3/2025,UZB
347,677,6QS9DWXF,1.1,Deposit,15203,9/19/2025,UZB
348,711,F6TG0AK3,1,Deposit,18341,2/19/2025,FRA
349,845,KC965GJT,2,Transfer,5274,3/10/2025,USA
350,648,P2ESB07U,1,Payment,17384,3/24/2025,FRA
351,590,WBH8EL1F,1.1,Transfer,1655,4/1/2025,GER
352,172,8YJ9AQLR,2,Deposit,6318,10/11/2025,UZB
353,693,EX524SVA,1.1,Deposit,1618,5/31/2025,FRA
354,553,JS5UZG17,2,Transfer,181,9/7/2025,GER
355,745,4DI5K1BG,2,Deposit,3770,8/18/2025,UZB
356,236,8B3XMDY4,1.2,Transfer,16137,10/2/2025,USA
357,863,207IS815,2,Payment,9998,3/9/2025,UK
358,475,L20GDS1Y,1,Deposit,19807,12/20/2025,GER
359,746,LTPVDJ7W,1.1,Transfer,6634,1/7/2025,FRA
360,607,YOU7AI2H,1.1,Deposit,6877,3/9/2025,UK
361,323,69CAKNS3,1.2,Deposit,15569,4/2/2025,GER
362,945,3BLZ5078,1.1,Deposit,12509,1/22/2025,UZB
363,669,5Z4VNOT3,2,Deposit,3428,8/21/2025,UZB
364,713,6I3REKCO,1.2,Transfer,4635,1/16/2025,FRA
365,645,QVWZHX1L,1,Transfer,10325,1/12/2025,GER
366,164,0RX2TU5W,1.2,Payment,2761,3/10/2025,USA
367,333,AENXWJ9M,1,Deposit,4266,12/6/2025,UZB
368,7,1SKAO34F,1,Deposit,874,3/13/2025,UZB
369,192,4LXI3H71,1,Transfer,11557,2/24/2025,FRA
370,939,9WGNOKDZ,1.1,Deposit,1860,2/10/2025,USA
371,258,2GCA3PUI,1.2,Transfer,17791,10/5/2025,UZB
372,716,I7NXQOLA,1,Deposit,7659,2/5/2025,FRA
373,663,NAZHROQV,1.1,Deposit,6754,10/28/2025,UZB
374,428,ELMJA1Z7,1.2,Payment,10858,1/22/2025,UZB
375,268,9PZ8SWIH,1.2,Payment,4399,2/18/2025,GER
376,172,IC9FP4NJ,2,Payment,9547,1/22/2025,FRA
377,656,H73YMB9K,2,Payment,13808,2/9/2025,UZB
378,542,K9I186TY,1,Transfer,13026,4/23/2025,GER
379,653,EWLGUR6K,1,Deposit,9679,2/25/2025,GER
380,350,O3XS2LCV,1.1,Payment,13300,10/3/2025,FRA
381,447,4Z6SIORU,2,Deposit,6725,4/29/2025,GER
382,222,U314OGVE,1.2,Deposit,2575,6/14/2025,UZB
383,961,YX4I8W5Z,1.2,Deposit,5366,11/24/2025,UK
384,475,W8VTKXN6,1.1,Transfer,1711,12/25/2025,UZB
385,944,R8ONMHA6,1.2,Transfer,6342,5/24/2025,UK
386,192,1JE0YGAZ,1.2,Payment,16177,3/13/2025,FRA
387,79,NW8VA0KS,1.1,Payment,3764,4/29/2025,GER
388,847,GM568IFL,1,Transfer,14106,4/29/2025,FRA
389,728,VW4SXKT2,1.2,Payment,415,3/11/2025,FRA
390,259,NTAXLP7U,1,Payment,9945,8/11/2025,USA
391,385,G1PU7OHJ,1.1,Transfer,1333,11/1/2025,UZB
392,13,9CZO326M,1.1,Deposit,830,8/4/2025,GER
393,254,RXP39S0W,1,Payment,6751,12/1/2025,FRA
394,660,7L3N6GH1,1,Deposit,6093,11/1/2025,UZB
395,805,K7N3Q6XT,1.2,Deposit,13192,9/18/2025,UK
396,181,87TSY0VZ,1.1,Deposit,5421,10/14/2025,UK
397,618,D2J38RQT,2,Deposit,12521,11/21/2025,USA
398,580,N6EF9UA3,1.2,Deposit,4854,2/3/2025,FRA
399,651,G3CSM2BT,1,Deposit,15421,2/27/2025,GER
400,201,VNR0E6JF,1,Transfer,13186,8/5/2025,FRA
401,841,F36KNXEB,1.1,Transfer,9846,10/5/2025,UK
402,181,7QF30ZKC,1,Transfer,258,11/25/2025,UK
403,734,SVJ0M3EO,1.2,Deposit,5979,8/25/2025,UZB
404,485,OWJC25P4,1.2,Payment,9120,11/21/2025,UK
405,886,OCA9V4FI,1.1,Deposit,4393,7/19/2025,UZB
406,828,TQENKWY5,1.2,Deposit,17353,2/24/2025,GER
407,301,CXDHMS3F,2,Transfer,7845,2/23/2025,FRA
408,326,D4PC5839,1.1,Transfer,3232,4/15/2025,UK
409,439,9ZDWNL8C,1.2,Deposit,17558,2/8/2025,FRA
410,907,Z2YW80PS,1,Transfer,11121,6/2/2025,FRA
411,276,LTHQ5KC6,1.2,Transfer,5054,5/4/2025,UK
412,225,3A2PVQSB,1.1,Deposit,19236,11/6/2025,FRA
413,696,G4JO69LK,1,Transfer,5,9/23/2025,UZB
414,34,2Y78ZXQP,2,Payment,9045,1/17/2025,UK
415,191,0LWSQOAE,1,Payment,16720,10/31/2025,UK
416,123,97RAGWDN,1.1,Transfer,13212,2/13/2025,UK
417,711,QKYZJ2TS,1.2,Payment,9755,3/4/2025,GER
418,817,GZPRNM8O,1.2,Transfer,4157,10/9/2025,USA
419,79,QYMJAP40,1,Transfer,18915,8/28/2025,UZB
420,332,MG78B56D,1.1,Payment,10074,8/18/2025,USA
421,913,WK7GQNPO,1.2,Transfer,18035,7/13/2025,GER
422,803,EPW24UFO,1.1,Deposit,3343,2/5/2025,FRA
423,175,Q6U8XN1H,1.1,Deposit,9511,3/9/2025,UK
424,962,RBTXEIF4,1.1,Payment,7088,5/3/2025,UZB
425,802,91T64IOA,2,Payment,13010,10/25/2025,GER
426,723,TYNV7Q0H,1,Transfer,19463,6/8/2025,GER
427,439,T2V354IO,2,Transfer,9165,7/3/2025,USA
428,215,S851AEXP,1.1,Payment,10796,11/24/2025,UK
429,441,J27BE1ZU,1.1,Transfer,5166,1/19/2025,UZB
430,475,2YM8XCE5,2,Transfer,4960,2/26/2025,USA
431,274,3VH0AEY6,2,Payment,10782,4/14/2025,GER
432,449,KZWEG7VP,1,Deposit,17801,11/5/2025,USA
433,569,OSBJE2VC,2,Transfer,14640,7/29/2025,USA
434,879,KLOG8E25,1,Deposit,5698,7/20/2025,USA
435,947,PXI3DJH6,2,Deposit,1892,1/13/2025,UK
436,21,I1S756AQ,2,Transfer,11501,5/30/2025,USA
437,546,RC0BQGHX,1.2,Deposit,19348,10/28/2025,FRA
438,774,KZ5WRMIX,1,Payment,12432,11/30/2025,UK
439,634,3PQBK57M,2,Payment,7539,6/16/2025,FRA
440,993,D2Q5X1JH,1.1,Transfer,11354,5/5/2025,UZB
441,972,MGH8DZQY,2,Payment,2942,1/31/2025,UZB
442,812,SOKDIGRM,2,Payment,4587,7/25/2025,GER
443,230,81V29CEP,2,Payment,11111,6/26/2025,FRA
444,363,Y3H6DJNT,1.2,Transfer,11593,10/26/2025,USA
445,968,NC5HQSY4,1.2,Transfer,6145,2/27/2025,USA
446,315,NV5EU0Y4,1,Deposit,16946,6/24/2025,UZB
447,725,BNSH7UM4,1,Deposit,6543,12/29/2025,UZB
448,498,WLRAQNOD,1.2,Deposit,2047,5/31/2025,UK
449,696,R069CUEB,1.2,Deposit,9136,9/23/2025,FRA
450,168,02UN395P,1.1,Deposit,16582,5/26/2025,UK
451,43,SI9XRJGA,2,Transfer,5985,10/23/2025,UZB
452,65,7Y1S6B9T,2,Payment,18730,5/22/2025,UZB
453,689,EKQSCI8V,1,Transfer,18703,4/19/2025,FRA
454,32,1V36WJAQ,1.2,Payment,1127,7/3/2025,USA
455,162,69DMGJRU,2,Transfer,1976,1/15/2025,UZB
456,742,6L89NPZF,1,Payment,15730,5/5/2025,USA
457,290,ICB12ZR9,2,Transfer,5624,3/2/2025,FRA
458,99,PCW2RG38,1.2,Payment,5118,3/12/2025,UZB
459,214,FS6IX0C1,1.1,Transfer,14614,11/22/2025,USA
460,148,ECHZN7IT,2,Payment,19916,6/27/2025,GER
461,412,FRSUGB19,1.2,Deposit,17754,10/25/2025,UZB
462,166,SQU92WZ4,1.1,Payment,471,5/8/2025,USA
463,358,2Y3AKW5B,2,Payment,10496,1/23/2025,UK
464,275,Z5Y34X0G,2,Transfer,19472,1/7/2025,USA
465,798,SUKC397D,2,Deposit,2868,4/26/2025,UZB
466,633,FTOJQ4VY,1.1,Transfer,16985,5/6/2025,UK
467,35,HK5OSWGL,1,Transfer,17745,2/24/2025,GER
468,374,9MGZN2TF,1.2,Deposit,16651,2/16/2025,UZB
469,609,68M9FYLR,1.1,Deposit,631,3/21/2025,UZB
470,808,GURZOB7K,1,Transfer,4794,1/21/2025,USA
471,325,S05KLOZ7,1.1,Deposit,1646,8/12/2025,USA
472,250,L9QDTXHE,1.2,Payment,12200,10/31/2025,USA
473,526,BC6M8TVN,1,Deposit,6767,3/2/2025,UK
474,323,OLN72TKD,1.2,Payment,4292,8/15/2025,USA
475,765,5ZE8IR0T,1,Payment,5112,2/15/2025,USA
476,907,FTV72OI8,1.2,Transfer,6671,5/23/2025,UK
477,633,XF6PZC1O,2,Transfer,9684,4/24/2025,UZB
478,972,BLI4QDUK,1,Transfer,18254,8/25/2025,UZB
479,410,VFJTY08D,2,Payment,4193,10/27/2025,GER
480,649,SURIA6MF,1.2,Deposit,1927,3/3/2025,USA
481,78,UEDVA5HS,1,Payment,15892,8/3/2025,FRA
482,672,DJXHF9NW,1,Deposit,7580,5/6/2025,USA
483,916,TV6EHN2L,1.1,Deposit,13720,8/19/2025,USA
484,201,8NBYZF3D,1.1,Deposit,1850,6/11/2025,UK
485,298,U56BD39C,1.1,Transfer,16130,11/7/2025,UZB
486,14,ZJI1YTMF,1,Transfer,12520,12/25/2025,GER
487,525,WQXAYLNM,2,Transfer,2665,6/7/2025,USA
488,154,8XGLVZAN,2,Payment,19323,8/29/2025,UK
489,861,80GDHOZA,1.1,Deposit,7813,4/16/2025,UZB
490,774,TQVZIG6U,1.2,Transfer,5425,2/13/2025,UK
491,589,VY6358EM,2,Deposit,10513,8/18/2025,FRA
492,913,9N7RQTHK,2,Payment,10750,4/7/2025,UK
493,863,P6L3K7J1,1,Transfer,19133,1/26/2025,UK
494,897,8DLAQO97,1.1,Transfer,3847,7/2/2025,UK
495,100,UOJ36E0Z,1.1,Transfer,11395,9/14/2025,USA
496,689,QZNFY0T9,2,Payment,15693,7/2/2025,UK
497,269,WVEGP5DC,1.2,Deposit,2530,12/5/2025,FRA
498,159,46WA8YPO,2,Payment,178,12/20/2025,FRA
499,823,XF1YP67B,1.1,Deposit,10795,9/11/2025,USA
500,203,NIPF3G1V,1,Transfer,17766,2/20/2025,UK
501,877,SP8XOFV5,1,Deposit,15988,11/9/2025,UK
502,592,0IABY5DS,1,Transfer,14083,1/26/2025,UK
503,521,4ODQZKHW,1.1,Deposit,11101,6/26/2025,FRA
504,132,PC4IUYXG,2,Transfer,17980,5/3/2025,FRA
505,856,UD1KLN7M,1.1,Payment,10978,6/15/2025,GER
506,609,HK06IT1G,2,Payment,3736,6/4/2025,FRA
507,44,JNI73MC1,1,Payment,4070,7/19/2025,FRA
508,915,FQPBKN3H,1.2,Deposit,4021,7/19/2025,USA
509,754,UVXTC52Q,1,Transfer,6689,1/22/2025,UZB
510,448,PRUKFV0Q,2,Deposit,10791,12/9/2025,USA
511,612,YJZMQ3U1,1,Transfer,7293,12/22/2025,GER
512,865,B5NXHUKS,1,Transfer,15194,1/25/2025,UZB
513,504,15824QVB,2,Transfer,8907,11/29/2025,UK
514,592,XW0QK2EY,1.2,Transfer,11516,1/10/2025,GER
515,371,ZWFQPHMC,2,Payment,9354,12/16/2025,GER
516,290,T86C14K2,1,Transfer,697,4/4/2025,GER
517,598,G2JN3UZR,1,Transfer,10155,11/25/2025,GER
518,200,2M730S4Y,1,Payment,19579,7/3/2025,USA
519,84,WN9PYFJX,1,Deposit,6035,12/21/2025,FRA
520,449,0D462JME,1.2,Payment,5314,11/15/2025,UZB
521,754,C0BPHANW,2,Transfer,7809,10/23/2025,UK
522,901,JTS46IE0,1,Deposit,17966,10/5/2025,UZB
523,142,176V3KEO,1.1,Transfer,5060,5/10/2025,USA
524,812,IO0ZRNAS,1.2,Payment,9656,7/24/2025,FRA
525,67,ET7L09UI,1.2,Transfer,3475,6/10/2025,UK
526,441,XHR3UIPZ,1.1,Deposit,12145,8/16/2025,FRA
527,820,DQMEA8ZR,1,Transfer,18223,7/2/2025,USA
528,139,V2PNX7EO,1,Deposit,489,8/26/2025,USA
529,718,SG68BR4I,1,Payment,14266,10/22/2025,GER
530,588,1XF3C58Y,1.1,Payment,12767,7/31/2025,UK
531,259,7IHUA68Q,1.2,Deposit,17159,9/16/2025,GER
532,485,XR6SID05,1.2,Deposit,17615,1/13/2025,UZB
533,33,DZCI093J,1,Transfer,14364,12/9/2025,FRA
534,365,2V0C6W1D,1,Deposit,19344,9/30/2025,UK
535,514,Q20PXJL1,1.2,Transfer,17141,1/12/2025,FRA
536,102,85QC71AG,1.2,Payment,14818,11/24/2025,FRA
537,436,LV6UJO19,2,Transfer,6600,3/17/2025,UZB
538,262,OKU6WPCI,1,Transfer,8327,12/29/2025,GER
539,398,J6QSREOM,1.2,Deposit,16752,6/24/2025,GER
540,313,YHZFKX4T,2,Deposit,12675,1/18/2025,FRA
541,565,S1M47ZBX,2,Payment,5840,4/4/2025,USA
542,254,AMVJ3YCX,1.2,Payment,3009,11/19/2025,UK
543,949,4BKG9LTR,2,Payment,19821,7/10/2025,UK
544,11,79V3C6SZ,1,Transfer,14592,4/14/2025,UZB
545,475,24UCPR3K,1,Deposit,5729,5/12/2025,UZB
546,194,KZQF9NOI,1.2,Deposit,15239,9/6/2025,UK
547,307,U0S4BTKP,1.1,Payment,9545,11/16/2025,USA
548,881,BQNA341E,1,Payment,12043,9/8/2025,USA
549,672,6WQI9O5S,2,Payment,14626,12/9/2025,UK
550,900,ZBS6WC8A,1.1,Payment,10668,4/25/2025,UK
551,519,VT13LK0G,1.2,Deposit,13538,2/23/2025,USA
552,73,ZLWK26T7,2,Transfer,11524,11/29/2025,UK
553,888,CXWV94NJ,1.1,Payment,15247,11/6/2025,UZB
554,310,8J9WX5PK,2,Transfer,4776,5/29/2025,USA
555,68,E7FBLVY5,2,Deposit,5846,12/29/2025,USA
556,75,5AUMLPT0,1.2,Deposit,4069,7/4/2025,UZB
557,844,6NPLWS0D,1.2,Deposit,966,1/15/2025,UK
558,50,FKU1WEXD,1.1,Deposit,11503,6/3/2025,GER
559,870,ST9ZUR3A,2,Deposit,6912,3/18/2025,USA
560,783,YC8WQJP0,1,Transfer,1582,1/2/2025,UZB
561,57,2VX3PWES,2,Payment,19378,4/24/2025,FRA
562,449,XZ60GYMH,2,Deposit,10904,12/1/2025,UK
563,461,HVL2G18C,1.2,Deposit,10080,2/11/2025,FRA
564,245,4NYOF2KH,2,Payment,19695,3/22/2025,UK
565,466,YH8C6MIT,1.1,Transfer,411,9/5/2025,USA
566,216,MDEVAKUG,1,Transfer,3652,2/14/2025,USA
567,823,UTL2HY4I,1.2,Deposit,10713,7/19/2025,FRA
568,345,0P1R9QBY,1.2,Transfer,16331,8/26/2025,GER
569,510,7BZ59R3C,1,Transfer,11264,9/9/2025,UK
570,785,VBOWZ7GU,1.1,Payment,14975,11/11/2025,FRA
571,770,SYDVKH78,1.1,Transfer,7403,7/8/2025,GER
572,200,A2G5KNZQ,1,Deposit,17878,5/28/2025,UK
573,861,3A7G1STH,1.1,Transfer,594,8/27/2025,FRA
574,379,SB6ME5TV,2,Transfer,4221,4/21/2025,GER
575,531,E9OAC0ST,1.1,Transfer,7774,2/11/2025,USA
576,763,7H40X9YQ,1.2,Transfer,18841,1/29/2025,UZB
577,612,IV340LGM,1.2,Deposit,729,5/16/2025,USA
578,918,7WVJELCB,1,Deposit,97,3/9/2025,GER
579,766,8K9JF0YR,2,Payment,15075,8/16/2025,UZB
580,805,OXRTNA8B,1,Payment,18868,2/19/2025,FRA
581,725,C6UJM4QF,2,Payment,2897,2/26/2025,FRA
582,883,NDI61AZG,2,Transfer,14975,12/15/2025,FRA
583,660,IE7DKYOZ,1.1,Payment,7726,5/13/2025,FRA
584,327,PN7I10SC,1.2,Deposit,10992,2/24/2025,FRA
585,353,09DZTC65,1,Deposit,2597,5/4/2025,FRA
586,322,PDYKR798,1.1,Transfer,1968,5/4/2025,GER
587,44,SW8NABQE,1.2,Transfer,19510,8/16/2025,FRA
588,31,CVZGMOE9,1.1,Transfer,10580,3/29/2025,UK
589,589,XB4Y0P95,1,Payment,3723,8/9/2025,FRA
590,529,G19IRQPC,1.1,Transfer,5236,12/1/2025,UZB
591,10,JLW90GFX,1.2,Payment,7713,11/27/2025,GER
592,648,6QIWXJTC,1.1,Payment,16947,2/21/2025,UZB
593,117,JWED80H2,1.2,Payment,11727,6/27/2025,USA
594,837,2TQB75JE,1.2,Transfer,4989,1/23/2025,USA
595,706,GYE3RTNU,1,Deposit,136,7/26/2025,USA
596,198,WNK2GY7J,1.1,Payment,7571,12/20/2025,UZB
597,849,OYI7AGWT,1.2,Payment,14132,7/14/2025,GER
598,82,WCVT7SFN,1.2,Deposit,14606,2/13/2025,UK
599,215,BYM3OV7R,1,Payment,17905,8/29/2025,UK
600,648,G734JLZY,1.2,Transfer,7419,5/17/2025,FRA
601,534,LF0H542M,2,Payment,12763,9/13/2025,UZB
602,967,2RZSBTKL,1.2,Transfer,1285,2/7/2025,UK
603,783,KM1JI0CF,1.1,Deposit,18214,4/26/2025,USA
604,20,43AX0IFH,2,Payment,16029,4/22/2025,UZB
605,521,7SGLR5WH,1,Payment,5418,7/7/2025,USA
606,143,Y3U60ZL2,1,Payment,5121,1/17/2025,FRA
607,700,0AJO1G4Z,1,Transfer,13637,4/30/2025,UK
608,180,G9BZOA51,1.1,Deposit,4628,12/20/2025,USA
609,174,YWB14AJZ,1,Payment,3052,8/2/2025,UK
610,126,F461YM3B,2,Deposit,14654,6/20/2025,USA
611,117,594DJNRV,2,Transfer,6501,3/11/2025,UK
612,759,OC8IBNRJ,1.1,Payment,11653,2/23/2025,GER
613,872,65H42WXU,1.2,Payment,7617,10/28/2025,UZB
614,621,3B9U1LQO,2,Transfer,1805,7/4/2025,UK
615,395,FJ35ZQ9M,2,Payment,18712,6/19/2025,USA
616,924,GTAC7V8R,1,Payment,10152,6/28/2025,USA
617,548,G4PTLC7J,1.2,Payment,6286,5/5/2025,UZB
618,229,0WY2UOSQ,1,Transfer,16388,7/11/2025,UZB
619,995,3J8E6UNP,2,Deposit,13561,1/7/2025,GER
620,862,BKO4GZHV,1.2,Payment,6572,10/21/2025,UK
621,121,LD4GU80E,1.1,Payment,6042,10/12/2025,GER
622,616,IDWUTX4Y,1,Transfer,5557,12/5/2025,UK
623,36,D85OSJEL,1,Transfer,19923,6/23/2025,USA
624,373,CJ1ZXSGU,1,Deposit,9385,11/6/2025,USA
625,789,56XANWPZ,1,Transfer,16061,9/12/2025,UZB
626,631,U6OQM5WH,1.2,Payment,19507,12/13/2025,USA
627,150,X7GAR2UF,1.1,Deposit,16720,5/14/2025,FRA
628,43,ELO9CDFK,1.2,Deposit,7712,10/13/2025,UK
629,79,XBD3EA6W,1.1,Transfer,1518,8/13/2025,UZB
630,824,98IW7BGC,1,Payment,79,8/8/2025,GER
631,913,92AIEVL0,1.2,Transfer,12244,5/23/2025,UZB
632,908,9QFOJ7XV,1.1,Payment,15484,9/8/2025,GER
633,43,3PZ4HBOU,1.1,Deposit,747,3/18/2025,UZB
634,141,2QIZR63E,1.2,Transfer,12801,8/31/2025,UZB
635,760,X7GRED2O,1.1,Transfer,14744,5/25/2025,USA
636,638,P9H51CN2,1.2,Transfer,7269,11/29/2025,USA
637,377,QISAF674,1,Transfer,6691,3/28/2025,FRA
638,240,UWKP4HFJ,1,Payment,9881,1/3/2025,UZB
639,811,WNXLTBOS,2,Transfer,15289,11/17/2025,UK
640,683,T3PC9LSN,1.1,Payment,11111,6/14/2025,FRA
641,307,W1RLQI4N,1.2,Transfer,12992,10/14/2025,UK
642,963,MZQJ4EUR,1.1,Deposit,15864,7/17/2025,FRA
643,638,Q6XZ95CV,1.1,Transfer,4168,6/7/2025,UK
644,230,8W4EVO90,1.2,Payment,3073,6/25/2025,GER
645,263,XGWNZ6JC,1.1,Payment,15852,1/10/2025,UZB
646,859,RO7TZ5Y6,1.2,Deposit,5415,6/13/2025,GER
647,499,X6F4H7KO,1,Deposit,1598,4/7/2025,GER
648,320,SVZUFOE2,1,Transfer,3542,8/28/2025,GER
649,590,KB0ZC83E,1.2,Deposit,6563,10/15/2025,USA
650,352,0OYZSIUN,1.2,Deposit,18129,2/2/2025,UK
651,684,OL3SY2GX,2,Deposit,951,3/22/2025,FRA
652,404,GOV6SJAL,2,Payment,8701,7/27/2025,UZB
653,20,T5QDA7GV,1,Transfer,14562,5/19/2025,GER
654,388,74VDKCZP,1.1,Transfer,14218,4/27/2025,FRA
655,211,MNSB9TIE,1.1,Transfer,7772,4/22/2025,FRA
656,654,D8WSJPZA,1.1,Payment,18152,6/19/2025,UK
657,540,XULDMREC,1,Transfer,6128,6/12/2025,UK
658,206,VULYE861,1.1,Payment,5080,7/8/2025,GER
659,415,N6K480F1,2,Deposit,19684,2/8/2025,UZB
660,511,SR54JKTV,1,Deposit,9270,1/7/2025,GER
661,83,EJWKA9UR,1.2,Transfer,11665,1/10/2025,GER
662,200,5EV3FLYZ,1.1,Transfer,1388,7/20/2025,UK
663,92,U9JFW0QL,1,Deposit,15528,2/12/2025,USA
664,691,YCKMP6Z3,1.1,Payment,7418,8/27/2025,UZB
665,317,SJAOKWFP,1.2,Deposit,7771,2/22/2025,UZB
666,903,A9MN20VS,1.1,Deposit,2687,1/22/2025,UK
667,607,NCZJU9TB,1.2,Payment,6008,1/27/2025,USA
668,789,SMK2QBFC,2,Payment,2386,3/25/2025,FRA
669,356,6PNZJ3C4,1,Deposit,7359,10/6/2025,UZB
670,382,IRY5NVJ7,2,Deposit,14729,6/25/2025,FRA
671,948,ZWX4NTEA,1,Transfer,3702,3/19/2025,UK
672,657,KP0NTL1A,2,Deposit,13317,11/26/2025,GER
673,972,SKUDWMI6,1,Transfer,13375,10/8/2025,UZB
674,168,P23C015T,1.2,Payment,17164,11/29/2025,UK
675,984,PL4KDTFM,1.1,Deposit,9739,1/19/2025,UZB
676,678,DMC41P5T,2,Transfer,15586,4/12/2025,UK
677,364,RA6LQ50U,2,Deposit,5066,2/16/2025,FRA
678,309,3SFXEIU6,2,Payment,7983,2/13/2025,UK
679,326,2LXY8P6A,2,Transfer,1541,7/22/2025,USA
680,341,Y9ARBOMV,1.2,Payment,1766,4/24/2025,UZB
681,518,7F8MP6XZ,1.1,Transfer,10888,7/1/2025,GER
682,674,EQ7BUD2G,1.2,Transfer,3296,11/26/2025,GER
683,669,2L1TU9FO,1,Payment,17087,4/5/2025,GER
684,286,FQAVM01G,1,Payment,19676,9/28/2025,GER
685,605,HSEOFRC1,1.1,Transfer,13579,5/12/2025,USA
686,366,Z2T5WFPB,1.1,Payment,15469,3/24/2025,UK
687,906,WS71BY3Q,1.1,Deposit,617,7/23/2025,UZB
688,834,IRBLX8PJ,1.1,Transfer,6983,5/18/2025,USA
689,65,3DB86192,1.2,Payment,7151,10/17/2025,FRA
690,473,90NHBZWD,1,Deposit,10575,2/22/2025,FRA
691,865,KTRO4Q07,1.1,Payment,4819,2/13/2025,UZB
692,938,WHSEBJ23,1.2,Deposit,16880,11/26/2025,GER
693,41,Z0VXFQ8I,1.1,Deposit,17828,4/13/2025,FRA
694,421,W68FIXN4,2,Deposit,5360,7/20/2025,UK
695,677,O5P7JZA9,1.2,Deposit,6013,11/29/2025,UK
696,717,LQN2WDUP,1.1,Transfer,11726,9/30/2025,UZB
697,165,FR7AO0W5,1.1,Payment,7,9/13/2025,UK
698,124,61X73TC5,1,Transfer,12484,4/29/2025,UZB
699,613,ZICD4FHW,1,Transfer,7762,8/5/2025,UK
700,713,DYUHMPR6,1,Payment,3986,2/7/2025,UK
701,753,SAM9LPVJ,1.1,Deposit,4088,12/24/2025,UK
702,811,K6BNJMIF,1.1,Transfer,13883,4/12/2025,GER
703,21,D8KZO3CR,1.2,Payment,3438,10/21/2025,FRA
704,714,Z952PGOK,1.2,Payment,15019,12/13/2025,GER
705,233,A45PU60S,1,Deposit,731,10/5/2025,GER
706,951,174O0H2X,1,Payment,17264,1/26/2025,UZB
707,856,TYFMV7NR,1,Transfer,10521,3/22/2025,UK
708,766,KJ04TRWS,1.2,Payment,7430,5/20/2025,UZB
709,761,EWA7VOXK,1.1,Deposit,12889,1/13/2025,UZB
710,718,X74BROKL,1.1,Transfer,10036,11/16/2025,UZB
711,253,XO31EFWS,2,Deposit,2529,4/21/2025,UZB
712,848,GKH615BE,1.2,Deposit,1604,5/13/2025,UZB
713,951,1KVHBLMG,2,Deposit,13563,3/24/2025,UZB
714,188,358HK1PB,1,Transfer,8468,2/4/2025,UZB
715,87,JZGRIWQ6,1.2,Deposit,4820,3/31/2025,GER
716,549,K1TU64MD,2,Payment,14509,1/12/2025,UZB
717,859,LUWR0FY7,1.1,Deposit,13527,4/10/2025,USA
718,287,N7QEBK4J,2,Deposit,9128,12/10/2025,GER
719,5,SN984B7Y,2,Payment,11497,6/29/2025,UZB
720,184,PDZRNB10,1.1,Transfer,7406,5/12/2025,FRA
721,892,FW9E7C3Q,2,Transfer,15477,9/7/2025,FRA
722,974,N6T9DBYP,2,Transfer,2580,3/7/2025,UZB
723,428,CRF8QPVM,1.2,Deposit,17268,8/13/2025,UK
724,622,N2X1WKE7,1.2,Deposit,15792,1/21/2025,UK
725,729,RZL5STUJ,1.2,Transfer,5691,7/27/2025,UZB
726,461,SXRQGDJV,1,Transfer,19351,9/22/2025,GER
727,178,OQZD36SM,1.1,Payment,7614,3/18/2025,GER
728,650,53LCVPA7,1,Transfer,5353,1/17/2025,GER
729,357,0DSYW3R8,1,Transfer,11393,11/22/2025,FRA
730,215,28JNGV6F,2,Payment,13055,9/1/2025,USA
731,672,70BGFD1T,1.1,Deposit,5930,9/4/2025,UK
732,370,VTXCLD4J,1.2,Payment,6892,7/5/2025,GER
733,168,XO23HEVL,2,Deposit,14508,6/30/2025,FRA
734,622,U0VR2X75,1.2,Payment,11022,3/5/2025,GER
735,60,8DA0QBHU,1,Deposit,3891,10/31/2025,UZB
736,66,JL3FOB6Q,1,Deposit,10722,3/16/2025,UZB
737,162,THC8Q9BR,1.2,Deposit,12558,3/20/2025,UZB
738,72,9URMSNWH,2,Transfer,16871,11/8/2025,FRA
739,417,C7JBYU40,1.2,Payment,17149,8/4/2025,FRA
740,130,Q2X6R5YH,1.1,Payment,2595,9/4/2025,UK
741,830,58PX9KIC,2,Transfer,10740,3/20/2025,FRA
742,68,MYST2P1G,1,Payment,1384,3/27/2025,UZB
743,994,IVBC0Z6N,1,Transfer,13325,2/23/2025,USA
744,314,5E47TORS,1.2,Payment,18937,10/5/2025,FRA
745,586,RTFP5JC3,2,Deposit,10668,4/11/2025,GER
746,287,63X1ITFH,1.1,Payment,14562,9/1/2025,USA
747,768,RXLHW9SP,1,Transfer,6226,6/25/2025,FRA
748,761,8UFO957E,1.2,Transfer,14312,8/15/2025,FRA
749,686,6VR2AESJ,1.2,Payment,3784,10/29/2025,USA
750,320,3UZBJPT0,1,Payment,2078,12/18/2025,UZB
751,114,VMLKBJS7,2,Deposit,3322,7/28/2025,USA
752,935,06VZID52,1.1,Deposit,867,7/12/2025,GER
753,730,K8NERISA,2,Deposit,15029,7/17/2025,USA
754,869,UXYG5Z8E,2,Deposit,3745,3/21/2025,UK
755,782,YZLB7NVP,1.1,Transfer,1557,3/17/2025,UK
756,56,Y39UNWCT,1,Payment,11600,9/15/2025,FRA
757,415,GN479VOH,1,Deposit,960,4/27/2025,UZB
758,50,MT14NY6Z,1.2,Transfer,15698,10/9/2025,UK
759,573,BA4LMR2K,1.2,Payment,7881,9/21/2025,GER
760,335,G3RJMH58,1.2,Transfer,2496,9/2/2025,FRA
761,785,JBE2SDR5,1.1,Transfer,7912,9/17/2025,USA
762,740,QC53DRPW,1.2,Transfer,2318,8/2/2025,GER
763,159,HQD2CBGT,2,Deposit,9394,6/14/2025,GER
764,59,6ZUIGKC9,1.1,Payment,7928,8/23/2025,UZB
765,618,ZRIGWNV5,1.2,Transfer,958,7/8/2025,UK
766,242,SY8IF5MC,1.2,Deposit,4256,11/26/2025,USA
767,753,Y5GJB3S0,1.1,Transfer,17208,6/30/2025,UZB
768,298,HCTDYL6Q,1,Transfer,11806,7/12/2025,UK
769,730,OM38YGHX,1.1,Payment,18105,7/21/2025,UK
770,765,DOWVBESJ,1,Deposit,11294,10/12/2025,FRA
771,865,MPQZBH1D,1,Deposit,6047,12/5/2025,UZB
772,593,U76I0DGW,1.2,Payment,1042,5/6/2025,FRA
773,209,ORTWXYUN,1.2,Deposit,939,8/4/2025,UK
774,277,2FXLAVJN,2,Deposit,7424,12/12/2025,UZB
775,157,TPH19YDB,1,Deposit,12585,10/12/2025,USA
776,454,KOHYSWD5,1.1,Transfer,8520,2/27/2025,UK
777,649,RA54K3LS,1,Transfer,10238,9/27/2025,UK
778,916,EL8TOV4H,2,Payment,6232,3/21/2025,UZB
779,235,QM041GIZ,2,Transfer,13763,12/4/2025,UK
780,220,614M8IZO,1.2,Transfer,7803,4/14/2025,UZB
781,566,CNFRK6T9,1.1,Transfer,2074,4/16/2025,GER
782,707,2ZAYBGD4,1.1,Transfer,1677,8/21/2025,GER
783,977,1W7RDISA,1.2,Deposit,2906,1/5/2025,GER
784,899,2DKXFH9T,1.2,Deposit,5693,3/9/2025,UZB
785,683,BYM5O01T,2,Transfer,16164,3/1/2025,UZB
786,340,IU9GH4CW,1.2,Payment,8980,9/14/2025,USA
787,886,6405GP9O,1,Payment,19649,9/17/2025,UZB
788,840,SCXJL7PW,1,Payment,6282,9/24/2025,FRA
789,884,YLT0I698,1.1,Transfer,8806,11/26/2025,GER
790,260,CHNEPBJK,1.2,Deposit,16291,7/6/2025,GER
791,421,E85QOYID,1,Deposit,2033,2/15/2025,USA
792,157,C9A56UI1,1.1,Payment,9206,3/29/2025,GER
793,976,KDSLUTZP,1,Payment,18585,9/17/2025,USA
794,210,3FE8BTYL,2,Payment,2074,9/18/2025,UK
795,699,J45UTYFN,2,Deposit,16035,10/15/2025,UZB
796,663,6JZDCEOT,1,Transfer,344,3/26/2025,USA
797,593,VX6M7850,2,Transfer,8844,2/11/2025,UZB
798,237,5EPRSN13,1,Deposit,919,4/23/2025,GER
799,785,UO1ZEV8L,2,Transfer,18742,11/19/2025,FRA
800,982,7MU3ON4A,1.1,Transfer,10345,8/19/2025,UZB
801,36,MLCXFNG1,1.2,Deposit,11909,1/16/2025,FRA
802,156,I9BEX51V,1.1,Transfer,4347,6/4/2025,USA
803,285,KXJDF4VW,1.1,Deposit,5083,10/5/2025,USA
804,155,5UZM0BIA,1.2,Payment,18931,12/3/2025,GER
805,630,EOLA0CMF,1.1,Deposit,18632,1/31/2025,FRA
806,40,12ICBT0W,1.1,Transfer,18069,9/3/2025,USA
807,138,I5DVNY1T,1,Deposit,10440,6/6/2025,UK
808,225,L1UVD2TC,2,Payment,4180,2/23/2025,GER
809,956,EO8S97TV,1.2,Payment,4178,8/19/2025,FRA
810,82,2W9SOHDJ,1.2,Payment,13055,5/22/2025,UZB
811,302,9YSMBIHN,2,Payment,15078,5/30/2025,FRA
812,523,XMRFL8K7,2,Payment,10321,7/14/2025,USA
813,50,T1R3UIHC,2,Payment,199,9/25/2025,USA
814,22,DKOGZ598,1.2,Payment,14297,4/14/2025,GER
815,435,IV7DQKTO,2,Deposit,330,10/19/2025,USA
816,213,DRSXQTB7,1.2,Payment,6966,7/6/2025,FRA
817,427,KJ8TOVWR,2,Deposit,1261,3/23/2025,USA
818,342,1W2TR5XH,2,Payment,19167,8/29/2025,UZB
819,565,TCAXVSOJ,1.1,Payment,15276,10/30/2025,FRA
820,844,KPQ7GF2S,1.1,Transfer,9920,6/28/2025,GER
821,883,I0Y9QWZF,1.2,Deposit,16825,9/20/2025,USA
822,829,BFD8Y9LR,1.1,Transfer,18972,8/19/2025,GER
823,161,83CNF921,1.2,Deposit,9595,5/7/2025,USA
824,973,RZOU0Q82,1,Transfer,19193,2/3/2025,UZB
825,859,MXPR1ZTQ,1,Transfer,19610,8/28/2025,UK
826,22,327ZTVUJ,1.2,Transfer,4397,6/13/2025,FRA
827,643,DKOXLGC8,2,Deposit,16501,10/21/2025,USA
828,842,2VIA94BE,2,Transfer,349,7/5/2025,FRA
829,950,5HXTI90U,2,Transfer,14448,5/10/2025,GER
830,582,71MF23Z8,1.2,Payment,12463,11/27/2025,FRA
831,112,4FEGX3YW,1.2,Deposit,13800,3/22/2025,USA
832,399,8065GM7N,1.2,Payment,9474,9/7/2025,USA
833,508,403FK8HZ,2,Payment,442,2/6/2025,UZB
834,55,UZ3CNPBV,1,Payment,16403,6/30/2025,USA
835,874,WX817F6J,1.1,Transfer,1638,3/12/2025,USA
836,730,0QH637MW,1,Payment,3257,8/21/2025,GER
837,166,9BUFQ38Z,1.2,Transfer,5442,12/16/2025,USA
838,560,4K8MGJ1I,2,Deposit,10038,2/19/2025,UK
839,414,YDI8ELJU,1,Payment,17777,9/7/2025,USA
840,518,FSIGOMCR,1.1,Payment,4050,12/24/2025,GER
841,669,D8BK51SA,1.1,Deposit,10459,1/22/2025,USA
842,47,RKOAM40C,2,Transfer,5059,10/2/2025,USA
843,857,PI8X5TS4,2,Transfer,15639,7/29/2025,USA
844,355,FM2I6EGB,1,Deposit,5508,4/12/2025,UK
845,708,35QEIUN0,2,Deposit,1655,9/4/2025,USA
846,569,FSWG8BMD,2,Transfer,524,3/14/2025,UZB
847,876,RNWUMH42,2,Transfer,13441,7/5/2025,UZB
848,327,MTI95C7G,1.1,Transfer,17882,9/24/2025,UK
849,784,BGIRT2UN,1.1,Transfer,4042,4/9/2025,FRA
850,390,X2Y97FC1,1,Payment,1919,7/3/2025,UK
851,863,IPCL5SY1,1.1,Transfer,18174,2/9/2025,FRA
852,485,TUJMZ0Q1,1.2,Transfer,12273,4/22/2025,GER
853,778,G8I640R2,1.1,Payment,2767,12/26/2025,GER
854,464,AX2BVGMU,1,Payment,17836,12/10/2025,GER
855,736,LCVXO2D9,1,Deposit,524,9/17/2025,USA
856,487,JMP96E52,1.1,Deposit,7556,8/9/2025,UK
857,584,HSY7CO54,2,Transfer,7775,8/2/2025,FRA
858,342,1CPLJXI2,2,Deposit,4155,2/11/2025,USA
859,509,Y70PM2S8,2,Transfer,5059,12/19/2025,UZB
860,885,XHO8LQ47,2,Deposit,11484,7/29/2025,UK
861,301,KLVJYEN1,2,Payment,82,2/16/2025,UZB
862,181,RU3KLCTE,1,Transfer,16134,3/30/2025,USA
863,230,HBSQEDJ7,1,Deposit,19812,9/9/2025,USA
864,694,SWTGDRC3,1.2,Payment,18982,3/8/2025,GER
865,978,J5PZAOYB,1.2,Transfer,8967,12/1/2025,UK
866,664,1X7AR930,1,Payment,9581,8/20/2025,GER
867,799,UQBZ50NJ,1.2,Deposit,6437,1/10/2025,GER
868,977,5O6YA9VR,2,Deposit,17069,7/11/2025,FRA
869,845,UT34SJFZ,1.1,Payment,2290,7/22/2025,GER
870,996,6IN9CV4F,1.1,Payment,14557,11/6/2025,GER
871,408,9MYFVLP4,1.2,Deposit,19121,11/9/2025,UK
872,948,02NZ8TF9,1.1,Payment,13472,11/6/2025,FRA
873,577,I6CTGJSM,2,Payment,6459,9/12/2025,FRA
874,630,6Y0XGOAH,1.2,Transfer,13140,11/18/2025,USA
875,237,VGX1F65U,1,Payment,13090,5/17/2025,UK
876,387,WSC2IHER,1.1,Transfer,17369,6/3/2025,UK
877,330,0HWA6Q9L,1.2,Payment,7081,9/25/2025,UZB
878,210,D1HLV2XG,1,Deposit,4910,9/7/2025,UK
879,845,NYBL47QG,1.1,Transfer,1665,10/24/2025,GER
880,748,SE7HFZDY,2,Transfer,5307,12/29/2025,USA
881,383,RXTY3DVP,1.1,Deposit,17939,5/6/2025,GER
882,850,06APKQ9H,1.2,Transfer,3106,6/8/2025,FRA
883,886,U9O3ZD10,1,Transfer,6925,1/18/2025,GER
884,818,6VHQANUM,1,Deposit,10146,10/8/2025,FRA
885,492,6EH0RXGM,1.1,Deposit,10924,4/10/2025,GER
886,957,Q0PTAC7R,1.2,Payment,3395,11/20/2025,USA
887,654,S3Z78R6A,1.2,Payment,8008,4/17/2025,UZB
888,16,BKSFX4W2,1,Deposit,6859,10/26/2025,UZB
889,453,3JUZF0VE,1.2,Payment,12190,1/23/2025,GER
890,225,D65M2JTN,1.2,Deposit,12171,3/6/2025,USA
891,856,DVNQG8E5,1.1,Deposit,5756,5/31/2025,UK
892,296,RWSQN8IG,1.1,Deposit,18466,5/19/2025,USA
893,170,VXYNU2SJ,1.1,Transfer,6103,5/1/2025,UZB
894,853,3PZK2BX0,1,Transfer,14896,2/14/2025,USA
895,354,DV0Z16MB,2,Payment,12659,4/28/2025,GER
896,517,ISQDJYA3,1,Payment,2455,2/27/2025,GER
897,72,LUMFCEPH,1.2,Transfer,449,6/7/2025,UZB
898,136,9BP0KE4V,1.2,Deposit,9330,2/15/2025,USA
899,123,UWEIDF9V,2,Transfer,12759,3/10/2025,UK
900,901,RBNDFJ1O,1.1,Deposit,4875,12/10/2025,UK
901,944,34HXETRQ,1.1,Payment,12967,6/1/2025,UK
902,62,WJNSPEHV,1.2,Deposit,2116,3/25/2025,GER
903,84,9WJ3FMVZ,2,Transfer,18535,2/10/2025,GER
904,346,HY6W2E5T,1.1,Deposit,4082,8/21/2025,UK
905,646,09WBT3H2,2,Payment,15988,7/4/2025,FRA
906,199,17GDVR53,1.2,Deposit,13335,2/16/2025,USA
907,424,85VK6FYX,1,Payment,10797,1/26/2025,FRA
908,912,GP37SEY8,1,Deposit,12905,10/31/2025,GER
909,139,M78RDWVF,1.2,Transfer,18644,10/12/2025,UK
910,893,9SQYZCT4,1.2,Payment,220,7/26/2025,GER
911,332,EYD09157,1.1,Payment,12044,7/30/2025,USA
912,7,XKEH5IN0,1,Deposit,11237,12/8/2025,FRA
913,278,P8QXAKLO,1,Deposit,1927,8/17/2025,GER
914,544,4DLS25OV,2,Deposit,2101,3/18/2025,USA
915,548,B2T4C9O3,1.2,Payment,11064,3/10/2025,UZB
916,586,29D5EPK8,1,Deposit,4074,10/17/2025,UZB
917,467,F8265VTE,2,Payment,11235,3/15/2025,USA
918,294,FN2CEVYB,1.1,Transfer,15302,7/1/2025,GER
919,338,IT6PNKXC,1,Transfer,13388,9/24/2025,FRA
920,598,YLADK2V5,1.2,Transfer,1522,8/27/2025,UZB
921,485,670BJROF,1.1,Transfer,9679,5/12/2025,FRA
922,718,14ZYIAWD,1,Payment,8883,2/27/2025,GER
923,774,38ZS1HLU,1,Deposit,13183,11/3/2025,USA
924,347,NL825AOY,2,Payment,6575,7/10/2025,UZB
925,880,X0KIP6QR,2,Payment,5899,9/13/2025,FRA
926,463,YKMILHRN,2,Deposit,7616,4/19/2025,UZB
927,204,LQ9U1EXV,2,Deposit,15793,10/26/2025,UZB
928,421,WIHEMOPJ,2,Transfer,11598,3/29/2025,USA
929,608,QFM4XWB7,1.2,Payment,13657,2/19/2025,FRA
930,339,O921HYKI,1.2,Deposit,14453,4/19/2025,UZB
931,62,YZD6X8JS,2,Deposit,16261,7/7/2025,FRA
932,523,SVPRZ98N,1.1,Deposit,16798,4/9/2025,FRA
933,26,46CP2JAQ,2,Transfer,18169,9/8/2025,UK
934,602,SHUXCVF7,2,Transfer,10758,3/28/2025,FRA
935,854,YUZ4KFA5,1,Deposit,7929,5/18/2025,UZB
936,825,4XEWPRY5,1.2,Payment,1577,5/24/2025,GER
937,347,8SRUCYN7,1,Transfer,12452,7/2/2025,UK
938,946,7VI6W3O5,1,Payment,9614,7/16/2025,UZB
939,365,54N8XSZQ,1,Transfer,1836,9/26/2025,UK
940,996,Z81RYVK5,2,Deposit,2049,7/5/2025,UK
941,294,S0T39GVM,2,Transfer,15140,1/5/2025,USA
942,702,1RBSCKGI,1.2,Payment,14495,9/18/2025,UK
943,608,S07KZQHX,1.2,Deposit,13820,9/29/2025,FRA
944,887,UFG94ZX1,1.1,Transfer,11379,1/8/2025,FRA
945,474,20A8CPYS,1.2,Deposit,19300,1/13/2025,FRA
946,66,9615CMBJ,2,Deposit,5866,10/8/2025,USA
947,145,CQNYLK7R,2,Transfer,2206,2/21/2025,UK
948,874,D2I1LQRK,1.1,Deposit,5837,11/26/2025,FRA
949,566,K4WHZMY9,2,Transfer,1090,12/12/2025,UZB
950,181,7B4081UT,1.2,Deposit,2590,5/18/2025,UK
951,697,7KITNAXP,1.1,Transfer,4885,11/2/2025,GER
952,651,WC5I3A6F,1.1,Payment,11704,10/10/2025,GER
953,132,L96SMQUB,1,Deposit,17644,6/30/2025,FRA
954,372,7S51KXYG,1.1,Deposit,13456,8/28/2025,GER
955,114,0D7LGMA8,1.2,Deposit,19962,6/12/2025,UK
956,74,HVT0E1C3,1.1,Payment,15580,10/28/2025,GER
957,731,1QSLDXOR,1.1,Transfer,15042,8/4/2025,UZB
958,991,QJVOC4EL,1,Deposit,125,2/9/2025,USA
959,985,2F7K1MIR,1.1,Deposit,2614,6/3/2025,GER
960,92,F48KIG5R,1.1,Payment,2550,3/6/2025,USA
961,170,OW7V1SFT,1,Transfer,19165,7/20/2025,UK
962,298,IZJR0NE1,2,Payment,3850,9/8/2025,FRA
963,205,K0R7JW2B,1.1,Transfer,1732,7/26/2025,USA
964,352,4KWC05FP,2,Transfer,3597,6/30/2025,UK
965,741,AR6P9NOZ,1.2,Deposit,13170,7/15/2025,UK
966,632,HIOGX61E,2,Payment,3092,6/23/2025,FRA
967,857,VGJRA14P,2,Transfer,12368,7/9/2025,FRA
968,488,82WDGX7N,1.2,Deposit,19523,2/15/2025,USA
969,68,KWDF6V5C,1.1,Deposit,7105,10/30/2025,UK
970,944,Q8ZPN06R,1.2,Transfer,11960,5/19/2025,FRA
971,470,WLZOE5P6,1.1,Deposit,9266,4/5/2025,USA
972,572,52XLCM91,2,Payment,18195,9/1/2025,GER
973,662,J41BHP9I,1,Deposit,9682,10/23/2025,FRA
974,368,8OFC130D,1.2,Deposit,11146,10/3/2025,FRA
975,138,L953HX4I,1.1,Payment,14246,6/19/2025,USA
976,445,EFZGJR7N,1.2,Deposit,7217,2/3/2025,UK
977,969,17UAWFKS,1.1,Transfer,8163,11/11/2025,GER
978,992,T8CVSIDW,1.1,Payment,8649,8/24/2025,FRA
979,796,BFONMUGX,1.1,Transfer,11600,8/15/2025,UK
980,938,LWMFU2Q7,2,Transfer,7683,8/18/2025,FRA
981,751,SIVLGNXP,1.2,Transfer,240,12/28/2025,FRA
982,571,IMLQ8G2P,1.1,Transfer,19306,2/23/2025,UZB
983,333,9R0612QP,1,Transfer,14477,4/22/2025,GER
984,493,F6H28VPY,2,Transfer,3450,5/13/2025,UK
985,658,XPWCEYAK,1,Transfer,18847,5/19/2025,FRA
986,908,UYDH4ZCP,1,Transfer,5346,4/24/2025,USA
987,824,YU6L1I7R,1.1,Payment,8675,5/5/2025,GER
988,332,WX3J2LKE,1,Deposit,19986,7/26/2025,GER
989,167,3A2K4RJ7,1.2,Deposit,128,6/2/2025,UK
990,888,QFUX7NBP,1,Transfer,19577,11/30/2025,USA
991,515,ECKIRDFM,1,Payment,1747,12/5/2025,FRA
992,32,LBHUG76E,1.2,Deposit,2938,2/22/2025,UK
993,447,XIJ7PLU1,2,Transfer,4509,4/19/2025,GER
994,29,1U6VFAW3,1,Payment,7449,6/22/2025,UK
995,933,UA19IZB7,1.2,Deposit,17032,7/8/2025,FRA
996,397,RMP8AK6F,1.2,Transfer,859,12/18/2025,UZB
997,466,CK7D8E56,2,Deposit,18915,1/26/2025,UZB
998,901,3E5M20FN,2,Deposit,12397,1/20/2025,UZB
999,941,3AJ7Q9OF,1.1,Payment,15867,4/15/2025,UK
1000,515,PVTKI0HQ,1,Transfer,13296,1/20/2025,GER
