TransactionID,AccountID,TransactionType,Amount,Currency,Date,Status,ReferenceNo
1,2547,Payment,17498.13,USD,2/3/2025,Failed,A8WX7PSOEC
2,113,Deposit,1394.67,UZS,12/7/2025,Pending,NPV50EHURW
3,879,Deposit,18599.14,USD,9/24/2025,Completed,1GYADXI4BR
4,648,Transfer,18518.41,GBP,6/23/2025,Completed,FA2OIJXN4B
5,2178,Deposit,9454.59,USD,5/28/2025,Completed,C63WX5LHYA
6,1721,Deposit,1433.22,GBP,12/28/2025,Failed,73O8LJYCEM
7,100,Deposit,139.44,EUR,2/21/2025,Pending,2975IWGTLR
8,1784,Withdrawal,12445.83,UZS,10/30/2025,Pending,03ELFZIRXN
9,1754,Withdrawal,11016.01,USD,11/23/2025,Completed,RMN0Z58LSQ
10,2388,Withdrawal,11133.06,EUR,8/12/2025,Failed,ANMKTX3JUO
11,1670,Withdrawal,19260.75,USD,1/10/2025,Pending,4UE90LAJ17
12,59,Withdrawal,7755.32,GBP,2/23/2025,Failed,H84RMWE31C
13,1639,Withdrawal,3429.77,GBP,10/7/2025,Completed,LN7ROUSBJ3
14,569,Withdrawal,9842.58,USD,3/5/2025,Pending,U4T896AMWR
15,1206,Withdrawal,11388.96,EUR,2/23/2025,Completed,GPCO81MF4D
16,546,Payment,2863.13,GBP,6/25/2025,Failed,SFAQ4RV0G6
17,368,Withdrawal,18345.22,USD,4/4/2025,Completed,IJ028XDKHQ
18,465,Payment,12761.75,USD,6/21/2025,Completed,Q582VLRDZI
19,1011,Transfer,10417.49,UZS,5/24/2025,Failed,MWIUF02SPR
20,173,Deposit,16787.89,UZS,7/27/2025,Completed,SIM5PU7CFL
21,943,Deposit,853.15,EUR,5/31/2025,Failed,G1Y3NLKO04
22,337,Withdrawal,10868.12,USD,5/4/2025,Failed,O4GNLV801H
23,2108,Payment,8534.6,GBP,12/23/2025,Pending,AYWM41CG26
24,2010,Withdrawal,4981.23,UZS,1/13/2025,Pending,ETNIS1G9JZ
25,1495,Transfer,14310.6,EUR,4/10/2025,Completed,7XQRGHO68C
26,2439,Payment,6389.71,UZS,2/21/2025,Completed,2861WGBDHO
27,1663,Withdrawal,18741.38,UZS,5/5/2025,Completed,AH8ZUN5S36
28,128,Withdrawal,8826.3,GBP,6/22/2025,Completed,R56N8PLGH0
29,227,Withdrawal,16133.31,EUR,8/26/2025,Completed,73L1BIDCHZ
30,399,Payment,17818.25,USD,7/1/2025,Pending,IZKYGC4JA3
31,1547,Transfer,2640.83,UZS,9/11/2025,Pending,P10TOVAULG
32,710,Payment,7603.93,UZS,10/15/2025,Failed,LN4BRXJ8VT
33,869,Transfer,12959.41,GBP,6/12/2025,Pending,CPJG87Q4BA
34,1951,Withdrawal,192.48,UZS,9/8/2025,Failed,TZLX6SYINR
35,1137,Transfer,18604.26,EUR,1/30/2025,Failed,58CAY3NMEK
36,2473,Payment,4275.97,EUR,8/7/2025,Failed,SYGJ691RNV
37,642,Deposit,4617.65,GBP,12/25/2025,Completed,4S30C8JL21
38,260,Payment,8406.08,USD,6/25/2025,Completed,J0MK2A8QHL
39,1677,Transfer,19825.39,USD,2/20/2025,Failed,0KFDE93B5R
40,2540,Withdrawal,6525.44,EUR,6/27/2025,Failed,7E3SBALG09
41,568,Deposit,13920.74,UZS,11/12/2025,Failed,F6JK93A4BY
42,1321,Deposit,8692.1,USD,9/6/2025,Pending,Z7JPF5B43S
43,2412,Payment,12608.26,UZS,6/13/2025,Pending,U7ZHYXECWB
44,2036,Withdrawal,19279.11,GBP,1/3/2025,Failed,6PB2H43VCJ
45,2343,Deposit,13896.96,EUR,7/12/2025,Pending,U21490PDA8
46,977,Deposit,3204.86,UZS,1/20/2025,Completed,XUSKJ9DCE8
47,89,Deposit,2398.65,UZS,4/9/2025,Completed,XO1PZNSR4T
48,2265,Withdrawal,10042.85,EUR,11/7/2025,Pending,UKQNIO2J90
49,1931,Payment,12932.98,USD,3/14/2025,Completed,3PAS0TL865
50,1743,Withdrawal,10800.61,EUR,9/20/2025,Completed,TUC4AYZ8QD
51,755,Withdrawal,11391.55,GBP,10/14/2025,Completed,Y07BG48XFL
52,2456,Transfer,18303.64,USD,8/15/2025,Failed,HO2RIF8CY0
53,801,Transfer,14756.73,GBP,6/6/2025,Failed,CDN450FEZW
54,346,Payment,13455.61,GBP,1/18/2025,Failed,PAYGJ52N9I
55,1039,Payment,3720.82,GBP,7/2/2025,Failed,5LTCU4D0B6
56,601,Withdrawal,13096.45,GBP,6/6/2025,Pending,1BQ8XCG4NP
57,2303,Transfer,15115.68,EUR,5/26/2025,Completed,VWONGC760Z
58,165,Withdrawal,10035.12,UZS,8/7/2025,Completed,PI2VYLA1XJ
59,2489,Payment,6124.48,UZS,12/14/2025,Failed,9QHM87J1N6
60,44,Deposit,16231.23,USD,1/24/2025,Failed,9M2BOS8KDY
61,343,Deposit,14156.81,USD,6/14/2025,Failed,COXQZ7H8LK
62,421,Transfer,9155.69,EUR,7/25/2025,Completed,XW4YD0L97N
63,1753,Transfer,13989.37,USD,6/28/2025,Completed,N35KPOS287
64,2427,Transfer,8623.27,USD,7/30/2025,Pending,8MJADG3X4E
65,994,Deposit,16610.14,EUR,8/29/2025,Pending,2CYMBO7UVA
66,1077,Payment,6180.2,GBP,8/28/2025,Completed,H8U7W9RALS
67,1322,Transfer,827.18,UZS,12/30/2025,Pending,HLA1K0BN3J
68,223,Payment,10083.33,UZS,5/27/2025,Completed,3EB9MYL8ZS
69,578,Withdrawal,2028.8,USD,5/15/2025,Completed,EWAUQ67PTJ
70,1735,Withdrawal,5771.23,GBP,3/6/2025,Completed,APFMJ257Y0
71,1881,Withdrawal,341.13,EUR,6/16/2025,Pending,17MEFROAYX
72,2350,Payment,16479.59,EUR,3/16/2025,Completed,MN0F57361P
73,594,Withdrawal,9034.45,EUR,5/9/2025,Completed,7IHC6D1Z2X
74,2355,Payment,9558.86,EUR,11/29/2025,Completed,JIM7WZVHQS
75,2349,Deposit,6885.01,USD,7/21/2025,Pending,JVR635AY18
76,1320,Withdrawal,7140.82,EUR,6/29/2025,Failed,QGBJYXANCH
77,1067,Transfer,1512.37,UZS,4/13/2025,Failed,0LSWVFM3IA
78,1487,Transfer,7944.74,EUR,11/2/2025,Completed,36YQ1RDVC9
79,2512,Deposit,2268.57,GBP,10/18/2025,Completed,4ZN6PLH510
80,1274,Payment,9009.81,GBP,4/27/2025,Completed,X2QBVKYN98
81,1853,Withdrawal,13113.87,USD,8/9/2025,Pending,2YOG3VKMTR
82,627,Deposit,7866.29,USD,11/23/2025,Completed,3RMNB05T49
83,1794,Transfer,4826.52,GBP,9/5/2025,Failed,F03VJP7LA1
84,1087,Withdrawal,3009.44,EUR,5/14/2025,Completed,S0C2JWKG1Q
85,1096,Transfer,18662.19,EUR,1/14/2025,Pending,Z8AHVF1JN5
86,1544,Deposit,10228.99,USD,1/29/2025,Failed,G2CQHY65UB
87,2109,Transfer,6098.76,EUR,6/12/2025,Failed,ATSCNBRF2M
88,2506,Withdrawal,2424.43,UZS,10/25/2025,Failed,MA5QPFORNZ
89,680,Transfer,17054.13,EUR,1/8/2025,Failed,S4M26FRXC9
90,2077,Deposit,7276.14,GBP,11/21/2025,Failed,TYUIS4X3VL
91,424,Payment,18588.01,USD,1/19/2025,Failed,UZ2Y56DV0P
92,921,Transfer,1751.27,GBP,6/10/2025,Failed,J8LYADR06G
93,135,Payment,12072.75,UZS,8/17/2025,Pending,IC503EW8FN
94,2092,Payment,14455.75,UZS,6/24/2025,Pending,5YWADQF0NB
95,752,Transfer,9212.11,UZS,4/8/2025,Completed,HWLE7PQM3K
96,942,Transfer,9888.41,USD,1/22/2025,Failed,X2L9ZPF1MI
97,2215,Deposit,3653.06,UZS,11/5/2025,Failed,EYC7J3PA91
98,759,Payment,11592.64,USD,3/12/2025,Completed,8ZN6CB7XK2
99,24,Payment,16185.78,USD,11/2/2025,Completed,I1YW6BV57Z
100,629,Transfer,18010.73,USD,1/11/2025,Completed,M8H92U0YQF
101,1567,Withdrawal,4471.59,UZS,5/19/2025,Completed,EGYI1CJAWK
102,922,Deposit,8524.4,GBP,5/17/2025,Failed,0MU29E4P6O
103,170,Withdrawal,14012.1,UZS,4/5/2025,Pending,D3Z0J15RYW
104,1851,Transfer,12472.35,USD,6/30/2025,Completed,A1PKDJG7Q4
105,1270,Withdrawal,14212.86,GBP,12/13/2025,Pending,KQWCH2YG0M
106,1724,Deposit,11417,UZS,12/20/2025,Completed,ON5MEHW0QL
107,675,Transfer,6331.7,EUR,6/24/2025,Pending,219YN37C6B
108,463,Payment,9891.93,GBP,10/4/2025,Completed,J6GU8TR1HS
109,1696,Payment,11752.65,USD,12/21/2025,Completed,S0KJBF8XE3
110,160,Transfer,18358.32,USD,6/14/2025,Completed,NIXBCQY23F
111,2005,Withdrawal,13029.51,UZS,7/14/2025,Failed,BHGQNR8EC3
112,248,Withdrawal,10361.26,USD,6/19/2025,Failed,S7W9FDXJ61
113,1182,Withdrawal,19425.37,UZS,12/2/2025,Pending,H4V5I2OAW0
114,2465,Transfer,11773.16,USD,12/28/2025,Failed,BZCJISY4P3
115,1302,Payment,6311.46,UZS,6/6/2025,Failed,JB1VM2H085
116,2522,Transfer,6398.24,UZS,5/31/2025,Failed,8Z4BUXFD1S
117,129,Transfer,12953.96,USD,5/8/2025,Completed,9URGFLV107
118,2168,Withdrawal,15116.43,GBP,6/28/2025,Failed,EN1JMH8D5S
119,1956,Transfer,10119.5,UZS,6/23/2025,Failed,5GBSFH02L6
120,645,Deposit,12785.17,USD,2/18/2025,Failed,R6PF7MIZYE
121,2143,Withdrawal,17102.86,GBP,11/11/2025,Pending,Y61GXHPV8S
122,482,Withdrawal,14121.82,UZS,11/19/2025,Pending,OS7JN5IV3X
123,1612,Deposit,8433.53,EUR,2/23/2025,Pending,RXZB0AF5NO
124,2335,Payment,2695.85,GBP,4/6/2025,Completed,ELDZ456U2Y
125,1503,Transfer,1961.39,USD,2/13/2025,Pending,V69MU5ZQLO
126,1817,Deposit,12938.12,USD,7/17/2025,Completed,DYMA03GWTL
127,1596,Payment,18696.17,EUR,10/1/2025,Failed,GJ5FPXC28N
128,2368,Transfer,10894.83,EUR,2/3/2025,Failed,IQ8JVDM39S
129,1391,Deposit,18493.56,UZS,4/27/2025,Completed,2PXBOFQE6N
130,1388,Deposit,10389.69,USD,4/9/2025,Completed,42KUCTAB38
131,2197,Deposit,8161.21,GBP,11/17/2025,Failed,4BM8QYSUVK
132,1645,Payment,324.28,UZS,6/15/2025,Failed,NTRF739YJU
133,1393,Deposit,7266.43,USD,10/17/2025,Failed,UKLPCS57AI
134,915,Transfer,1655.45,EUR,2/5/2025,Completed,GTKPU2JBCW
135,1424,Transfer,6954.81,GBP,3/16/2025,Failed,LQZGY8FX2N
136,732,Payment,15815.65,UZS,5/7/2025,Pending,WH5CNUBF36
137,1716,Deposit,16454.24,EUR,6/1/2025,Completed,KH52CALG8Z
138,201,Payment,7282.51,GBP,4/10/2025,Failed,W154JI8QPX
139,1331,Deposit,2311.98,USD,11/14/2025,Pending,MIQRH4LEDV
140,1277,Deposit,16839.49,EUR,5/28/2025,Completed,TI6XPK3GZH
141,968,Withdrawal,309.22,UZS,4/23/2025,Failed,9X1Z7NAHCP
142,1118,Transfer,4123.35,UZS,7/13/2025,Completed,28RTU4YD0K
143,1537,Withdrawal,1135.84,USD,6/9/2025,Completed,PLOSJ4T0I6
144,817,Transfer,14710.5,GBP,4/5/2025,Failed,5602EUOGJK
145,856,Payment,157.42,GBP,1/28/2025,Pending,2EIFBSCZKQ
146,1394,Deposit,1704.05,GBP,7/27/2025,Completed,LOURQI7Z3V
147,2046,Deposit,15509.64,USD,8/16/2025,Failed,C75D6BU8JR
148,1468,Withdrawal,2042.24,UZS,7/3/2025,Failed,305SWY8ADJ
149,1565,Transfer,820.06,GBP,12/27/2025,Pending,NJD5Q4TH26
150,2391,Transfer,19372.02,EUR,9/15/2025,Completed,B5JYFAPZVC
151,1736,Payment,3267,EUR,8/7/2025,Failed,DJ3ZWGXT4A
152,461,Payment,10533.39,UZS,6/29/2025,Completed,3UN94F2PMW
153,175,Transfer,12505.02,UZS,6/24/2025,Pending,8C4GHVQYZ7
154,1351,Transfer,9069.2,USD,7/21/2025,Failed,93D5ESBHQF
155,2243,Withdrawal,9778.65,USD,5/28/2025,Completed,6IG0LCMXWN
156,888,Deposit,12561.68,USD,1/30/2025,Failed,AEXB78FHT0
157,508,Transfer,19104.86,EUR,3/18/2025,Failed,ZR1HCO56PF
158,2302,Deposit,17480.37,USD,9/2/2025,Pending,T26ASXKRGL
159,2316,Payment,1027.92,GBP,6/5/2025,Completed,ME4XR6J13O
160,176,Withdrawal,16014.37,GBP,12/20/2025,Failed,JT23N71V64
161,2034,Deposit,15430.63,GBP,7/4/2025,Failed,24L0CGBTD7
162,1771,Withdrawal,9075.29,UZS,10/18/2025,Completed,XT4P2YQ6IR
163,1152,Withdrawal,17410.11,EUR,8/22/2025,Failed,D1KYO04GCA
164,1226,Transfer,17671.18,EUR,9/24/2025,Pending,MV5ICOWLKF
165,872,Transfer,2924.72,EUR,11/16/2025,Failed,YEITN2UM3R
166,495,Withdrawal,19690.53,UZS,6/18/2025,Failed,UA6TG5BFXM
167,76,Deposit,18095.44,UZS,11/9/2025,Pending,RYEUO6VWGQ
168,1455,Transfer,13994.41,UZS,10/13/2025,Failed,96FOAQZNLU
169,935,Deposit,8561.85,USD,3/30/2025,Completed,WXEA01YNIF
170,1960,Transfer,17837.12,UZS,6/3/2025,Failed,NOKYB091ME
171,210,Deposit,5115.6,UZS,9/3/2025,Failed,1Y9XKJALZ3
172,1377,Withdrawal,4448.61,UZS,7/29/2025,Completed,XIONSPVL7D
173,525,Payment,14838.71,GBP,3/11/2025,Pending,J5HOD12S3I
174,513,Deposit,7151.13,UZS,11/9/2025,Failed,DOSL65ZP3Y
175,374,Payment,14534.18,USD,10/27/2025,Pending,YPH3V8KCTN
176,2054,Withdrawal,16894.96,UZS,3/18/2025,Failed,UOTP7GEANX
177,1059,Withdrawal,3376.63,GBP,8/16/2025,Failed,HERXDBQZ40
178,1873,Withdrawal,2753.36,GBP,10/7/2025,Pending,R6TE8DJ321
179,899,Deposit,2680.43,UZS,7/16/2025,Completed,P41QILNMX8
180,395,Withdrawal,6573.12,EUR,6/30/2025,Completed,ODG4CJ0SB8
181,1715,Deposit,14506.84,EUR,2/8/2025,Completed,PWCMN5R07X
182,1883,Transfer,12368.55,GBP,6/27/2025,Pending,QB0R4JH2E3
183,782,Deposit,4118.36,UZS,10/16/2025,Pending,H4E0MR3TOY
184,1765,Transfer,10358.08,USD,7/22/2025,Failed,YZ7NX49TA2
185,1732,Transfer,93.42,USD,3/12/2025,Pending,DNR8BW9FLI
186,288,Withdrawal,16128.67,UZS,1/14/2025,Pending,KVN5WXU4OD
187,1858,Transfer,7570.49,USD,2/8/2025,Failed,HL5N84XAV0
188,1044,Withdrawal,17001.32,GBP,11/16/2025,Failed,KV6270M3OY
189,1269,Withdrawal,3687.36,USD,5/18/2025,Pending,W5TR4D1A2O
190,1604,Payment,5525.34,UZS,9/18/2025,Pending,2MQZ0B6D15
191,1570,Deposit,13830.45,UZS,11/16/2025,Completed,0IFB2CL4G9
192,2232,Withdrawal,19846.39,USD,1/28/2025,Completed,YBP6AZG5J9
193,477,Transfer,17979.74,USD,5/18/2025,Pending,TQIZ1K8MH9
194,1708,Payment,12126.61,UZS,7/3/2025,Pending,MLKJYF3ZE0
195,995,Payment,5458.99,USD,2/19/2025,Failed,EBOZI3FTMR
196,439,Transfer,3782.56,GBP,7/6/2025,Completed,EFRINVXCM9
197,1640,Transfer,19500.75,USD,2/21/2025,Failed,8OBRTK5UEP
198,1677,Withdrawal,12590.16,EUR,11/10/2025,Pending,DI6FOTR0V1
199,2194,Transfer,12012.08,GBP,3/9/2025,Failed,VUAH4S23JO
200,2497,Transfer,28.53,EUR,2/15/2025,Failed,3HP89EMD5W
201,751,Payment,616.3,USD,10/31/2025,Completed,HBAMUW0GND
202,1898,Transfer,8871.23,EUR,7/9/2025,Completed,G3MLX0CFKD
203,1081,Deposit,10810.6,GBP,5/12/2025,Pending,4V87BAU1R0
204,1761,Payment,15245.4,EUR,12/4/2025,Completed,YCFBDT4JSE
205,1068,Payment,12949.32,USD,4/14/2025,Failed,KSVRO3B2MN
206,1528,Payment,3743.15,GBP,9/30/2025,Pending,XA0VK32UYO
207,1819,Deposit,6302.59,USD,11/19/2025,Pending,XF7AJTHPIV
208,2175,Deposit,9527.26,UZS,12/4/2025,Pending,GN9XESTRCK
209,1100,Payment,17208.04,UZS,1/29/2025,Completed,3R4QL5IDBH
210,110,Deposit,9766.66,GBP,10/26/2025,Failed,WJXT2S75PF
211,119,Withdrawal,10643.25,GBP,8/9/2025,Completed,3951AHPX6T
212,941,Withdrawal,19041.6,USD,2/14/2025,Failed,NAD8GC6JKR
213,1948,Withdrawal,9096.04,UZS,5/4/2025,Pending,WDLGMC2PBQ
214,1193,Withdrawal,13856.48,UZS,12/3/2025,Pending,F2Q9VYLDNS
215,2536,Payment,6747.54,EUR,2/26/2025,Completed,7N62MI5XVU
216,690,Payment,12479.38,GBP,7/16/2025,Completed,UJ6SCYO0BD
217,651,Withdrawal,12497.37,UZS,10/6/2025,Failed,IA62ROH7PJ
218,1114,Transfer,4202.81,USD,5/8/2025,Failed,RLEIQYFV6T
219,31,Deposit,2284.9,EUR,1/29/2025,Pending,0I8ZGCEO3A
220,1246,Deposit,7244.72,GBP,8/28/2025,Pending,91VRBWY3OI
221,84,Payment,12333.01,GBP,3/23/2025,Pending,XRQWO3PFH0
222,385,Payment,8050.51,GBP,8/25/2025,Failed,I8HFBRAKCS
223,1795,Payment,5036.5,EUR,3/21/2025,Completed,QYB6SI48Z5
224,1395,Payment,19509.41,UZS,6/14/2025,Completed,SMVWXOPG58
225,1127,Withdrawal,16722.05,UZS,4/18/2025,Pending,B8WYNVF9X6
226,263,Deposit,7800.69,GBP,2/21/2025,Pending,Z49NL780JE
227,2446,Transfer,15797.5,GBP,9/21/2025,Failed,A9TN4X8PSR
228,121,Transfer,13695.69,USD,3/10/2025,Failed,WTHV2Q4BGY
229,337,Transfer,702.96,UZS,7/11/2025,Completed,QDSYAOEGX3
230,661,Deposit,17468.49,USD,1/27/2025,Pending,OVT6KHAQZ9
231,1563,Withdrawal,15736.1,EUR,4/23/2025,Pending,VG5XDLZKF0
232,1129,Payment,2776.89,USD,10/7/2025,Pending,052QWVRGA9
233,1761,Transfer,7304.61,GBP,10/13/2025,Failed,74YNEFJKSA
234,2066,Deposit,8605.71,UZS,8/9/2025,Completed,ERV342XP7C
235,1998,Withdrawal,13472.91,UZS,5/21/2025,Failed,4BK3G6QILV
236,42,Payment,3858.47,EUR,8/21/2025,Failed,6RWX4AKH3J
237,2450,Withdrawal,15662.88,GBP,4/28/2025,Completed,SYEDU3Z8LT
238,891,Deposit,11067.75,USD,9/13/2025,Failed,QJSIWA64ZU
239,2489,Withdrawal,17607.51,USD,5/26/2025,Pending,MV5EOPKGRQ
240,1240,Deposit,15405.81,EUR,2/12/2025,Failed,9BM7G548XL
241,1121,Payment,3325.98,USD,1/11/2025,Pending,6U8E4HVZL5
242,719,Withdrawal,8026.37,GBP,12/5/2025,Completed,F9L4K7RTMB
243,534,Payment,12828.44,EUR,1/14/2025,Failed,L7GRYV5ZNH
244,1166,Payment,2011.98,GBP,12/28/2025,Failed,19USH8YR3N
245,2268,Withdrawal,18356.94,UZS,6/23/2025,Failed,JU1M9X8NSD
246,2037,Deposit,9672.33,UZS,4/14/2025,Completed,B3YNUVTHXK
247,687,Payment,13875.54,EUR,5/8/2025,Failed,XU6SYDR3J9
248,103,Transfer,17255.57,EUR,4/25/2025,Completed,IA3MO7G6CF
249,3,Transfer,19127.49,GBP,11/23/2025,Pending,J5L6NU284C
250,1368,Deposit,7587.68,GBP,2/17/2025,Completed,7NHEOPW9V8
251,2283,Withdrawal,12380.29,UZS,5/23/2025,Completed,5TSCVRJI2D
252,2479,Payment,13889.35,USD,9/25/2025,Completed,92ZT1JWH5G
253,134,Transfer,4663.02,GBP,3/5/2025,Completed,R8ALPXMCTZ
254,2470,Deposit,13146.18,EUR,10/31/2025,Completed,73VY1MKF6J
255,328,Transfer,9314.41,USD,4/16/2025,Completed,CFMXJBH1W3
256,2209,Deposit,8552.06,GBP,1/13/2025,Failed,NCSPF7HZIE
257,864,Transfer,48.25,UZS,11/23/2025,Completed,HKRI2ZPV85
258,59,Payment,16055.02,EUR,5/1/2025,Completed,U9T4NEYPSF
259,1286,Payment,11596.74,GBP,10/31/2025,Failed,1CMJKU9REZ
260,584,Transfer,15115.74,USD,6/5/2025,Failed,CKNT9O72FP
261,1425,Transfer,19825.41,UZS,1/20/2025,Failed,Y8AMJ9XU57
262,381,Transfer,18134.41,UZS,4/5/2025,Completed,20BNYP639Q
263,653,Payment,18990.48,GBP,1/3/2025,Pending,A64TZB9W0D
264,1837,Transfer,1230.74,EUR,7/31/2025,Completed,STI60DL1NJ
265,1162,Payment,1172.45,EUR,3/11/2025,Completed,YJQPAXO1LF
266,1702,Payment,9892.27,GBP,5/16/2025,Pending,6L82V0WZ1T
267,2362,Transfer,7084.36,GBP,4/16/2025,Failed,WQTFY9HO1M
268,871,Payment,4453.61,EUR,11/2/2025,Completed,BQWJLADX4U
269,2392,Deposit,10685.89,USD,8/20/2025,Completed,ZV4BHYWIA7
270,1105,Payment,15851.14,USD,8/6/2025,Pending,EVTW1PDBJI
271,1947,Payment,5706.09,USD,4/7/2025,Pending,Q0WPAMF56E
272,519,Withdrawal,17383.69,GBP,1/27/2025,Pending,VZKT6IGUE2
273,2436,Transfer,4830.2,GBP,1/24/2025,Pending,K972VZIWJ3
274,1520,Payment,3458.63,UZS,10/23/2025,Failed,YDG2Q1UJO9
275,167,Withdrawal,5892,EUR,6/3/2025,Pending,RPZHYDT64G
276,298,Withdrawal,3883.42,UZS,4/1/2025,Pending,BHVC5URG0F
277,357,Deposit,11375.99,GBP,7/27/2025,Completed,EWQGJNXTSI
278,1625,Withdrawal,4536.49,USD,8/28/2025,Failed,SZV9DTN21H
279,683,Payment,14495.49,USD,1/30/2025,Failed,TKUOW5RVXJ
280,636,Payment,12040.66,UZS,7/15/2025,Completed,WP9YNAT7XZ
281,1327,Deposit,15303.2,UZS,2/25/2025,Failed,SYFN1CQDAO
282,776,Transfer,13597.51,EUR,8/21/2025,Failed,7RY9QNMITG
283,93,Deposit,6475.46,EUR,7/22/2025,Completed,017W2SMQUH
284,2375,Transfer,668.06,UZS,10/10/2025,Pending,J1I23MQ8S6
285,579,Transfer,1589.14,EUR,5/19/2025,Pending,OZR1C84WKY
286,53,Deposit,15335.71,EUR,10/1/2025,Completed,F06W2CJ7NM
287,974,Withdrawal,17655.47,EUR,6/21/2025,Failed,R4LJWUTO1P
288,1616,Payment,6217.83,UZS,6/16/2025,Failed,G09LD8J43R
289,2003,Transfer,8410.01,EUR,1/25/2025,Pending,P2CK83B4UX
290,1117,Transfer,12652.71,GBP,6/16/2025,Pending,4VIM2OEKBW
291,72,Payment,10230.74,GBP,10/20/2025,Failed,5TMP23KNLY
292,672,Payment,17522.98,EUR,4/13/2025,Completed,Q6BRJD01I4
293,318,Withdrawal,10639.26,EUR,8/21/2025,Pending,TPUR3MBG62
294,1955,Withdrawal,13780.73,GBP,6/27/2025,Completed,84BLQUKYOF
295,626,Transfer,7684.66,UZS,9/10/2025,Pending,915SBM8RAX
296,708,Deposit,4196.92,USD,12/17/2025,Completed,TIHOM0AN5E
297,1386,Withdrawal,9277.81,GBP,7/9/2025,Failed,V60DI1GKTJ
298,287,Payment,2945.66,UZS,1/3/2025,Failed,KG2QZ3SVUM
299,1233,Transfer,11410.41,GBP,11/29/2025,Completed,ROIP7BVJU6
300,796,Withdrawal,6008.13,UZS,9/23/2025,Failed,5M1GRWVH8Q
301,2165,Deposit,12351.99,EUR,9/19/2025,Pending,35XETJ8DRK
302,547,Transfer,4276.17,USD,11/18/2025,Pending,DV7LPKFC2R
303,1878,Withdrawal,16729.47,USD,1/9/2025,Completed,W684EXF1TK
304,139,Deposit,18135.85,GBP,5/17/2025,Completed,ZF8OG7RTCV
305,307,Payment,2675.59,USD,9/14/2025,Failed,68TXKFLAVE
306,2462,Transfer,7629.97,USD,5/26/2025,Failed,FDQY5XAJCU
307,1237,Transfer,8101.78,EUR,11/18/2025,Pending,Z0G62O8BDN
308,849,Withdrawal,7376.52,USD,6/26/2025,Failed,9IOMR20UCA
309,1814,Transfer,1631.28,USD,3/23/2025,Failed,PDIMEOA0NT
310,1543,Withdrawal,10333.62,UZS,8/7/2025,Pending,SEQLZG7UTV
311,40,Withdrawal,18622.96,UZS,1/22/2025,Pending,QWNAR6SLHO
312,1589,Withdrawal,950.25,UZS,12/7/2025,Completed,SEGTXP1WA0
313,1115,Transfer,1960.51,GBP,3/1/2025,Failed,1XH39WJV4R
314,743,Withdrawal,4298.01,EUR,1/7/2025,Completed,UOMRHVSG9N
315,267,Transfer,10429.13,UZS,8/17/2025,Pending,OYGWQC95EF
316,1317,Transfer,5948.05,UZS,6/11/2025,Pending,ZA4SNKEF0B
317,600,Withdrawal,11507.72,USD,4/18/2025,Completed,OBN08AS2TP
318,1983,Deposit,12444.11,GBP,7/16/2025,Failed,Q6RDHTK45N
319,512,Deposit,185.14,UZS,11/16/2025,Failed,MJ78CXIL2K
320,1958,Payment,4574.47,USD,6/16/2025,Pending,IHAZB8432R
321,801,Withdrawal,6908.48,EUR,8/16/2025,Failed,1CN8JO3KTE
322,713,Payment,16841.39,GBP,3/15/2025,Failed,5Z4SW0CXJA
323,1409,Withdrawal,14207.54,USD,6/28/2025,Failed,A9BZECM584
324,807,Transfer,2649.01,UZS,12/30/2025,Completed,E89QYSUL36
325,928,Transfer,12756.34,USD,1/9/2025,Failed,WYKFC8MX6U
326,1494,Deposit,4754.69,GBP,1/11/2025,Pending,OPNX16DI9Z
327,1195,Payment,8853.88,UZS,10/1/2025,Failed,LGN431IA7S
328,2303,Payment,14720.33,USD,10/12/2025,Completed,TLE6V9OXRD
329,2283,Transfer,19282.61,EUR,3/1/2025,Pending,WOLVJ3I146
330,845,Payment,2913.89,GBP,4/13/2025,Pending,N9FHCOJV52
331,229,Deposit,6610.39,GBP,1/13/2025,Pending,IT50UEHDYP
332,1437,Transfer,3267.09,USD,11/4/2025,Completed,LG84X5DIHS
333,1894,Transfer,2530.52,GBP,8/7/2025,Completed,Q9MDCFJXUN
334,329,Deposit,1482.83,EUR,6/26/2025,Failed,R2K0YISEG6
335,1443,Transfer,18727.4,UZS,4/7/2025,Failed,VFJY7GZNK1
336,1817,Withdrawal,17108.51,GBP,11/9/2025,Completed,YT2UFK016Q
337,1103,Withdrawal,18983.98,UZS,3/3/2025,Pending,SX4WZH6VO9
338,1877,Payment,2083.08,EUR,4/11/2025,Completed,8X36TLQGR2
339,203,Payment,14012.59,UZS,11/12/2025,Pending,N5ZKX0BWMJ
340,1988,Payment,9328.24,GBP,3/16/2025,Completed,H7YLXSA3UG
341,1079,Deposit,3427.04,USD,5/29/2025,Failed,0EF1CGJUIA
342,2031,Payment,2932.18,USD,1/18/2025,Completed,UX7D4ZNSOF
343,1146,Payment,4703.06,USD,2/11/2025,Completed,5FWHGLBZMV
344,134,Withdrawal,7594.07,UZS,1/6/2025,Pending,CQ67P2GF1S
345,723,Transfer,5278.73,USD,7/8/2025,Failed,NM4X53ILJZ
346,538,Deposit,3806.44,USD,3/14/2025,Completed,VQ80MAPO71
347,2030,Transfer,6341.59,EUR,4/17/2025,Failed,KLWXPR9G5F
348,1309,Deposit,1024.37,GBP,10/24/2025,Pending,675LETGPHR
349,1716,Payment,13376.98,GBP,10/5/2025,Pending,WBMX5Y47F9
350,132,Payment,17055.06,USD,8/1/2025,Pending,3FTMZBD9L8
351,988,Transfer,16769.09,UZS,11/14/2025,Completed,K4SLYCNPUA
352,1756,Deposit,7790.94,USD,11/16/2025,Pending,ZWHXUTAQ0V
353,1897,Transfer,8453.74,USD,1/4/2025,Pending,2UV9W7RMSE
354,874,Withdrawal,1787.19,GBP,8/1/2025,Pending,4HFSVZBAJ6
355,939,Transfer,17811.06,UZS,9/15/2025,Pending,CFK4BW2OH7
356,124,Transfer,6272.79,UZS,8/20/2025,Failed,1YGQVHD5JI
357,1393,Payment,4637.7,EUR,2/22/2025,Completed,BTENRJQS9G
358,165,Payment,18826.07,USD,5/2/2025,Pending,3J7ZDRHLBM
359,133,Withdrawal,502.35,USD,4/10/2025,Pending,WITUBOVC6Z
360,37,Payment,2752.88,EUR,8/26/2025,Pending,HBRLID1YQS
361,1958,Payment,13154.66,EUR,11/11/2025,Pending,0C7JSYR61V
362,1552,Withdrawal,17999.36,GBP,6/22/2025,Pending,JLF43E6H7S
363,611,Withdrawal,14064.62,USD,5/19/2025,Completed,MFSQ4ZPDWH
364,810,Deposit,13278.56,UZS,12/6/2025,Failed,Y3X2D1JRG0
365,1730,Payment,9128.75,UZS,11/2/2025,Pending,MSHT87QCNG
366,214,Deposit,2109.89,GBP,2/16/2025,Pending,GF15ACR9OX
367,502,Transfer,11098.92,EUR,4/11/2025,Failed,0PW6ZRUSMK
368,1494,Withdrawal,12577.16,GBP,3/27/2025,Completed,962IC3BJD4
369,1818,Transfer,11487.77,EUR,10/1/2025,Pending,FP8U03N6HZ
370,492,Transfer,18157.92,USD,4/15/2025,Completed,XG1FO98QPK
371,451,Transfer,9687.93,USD,11/27/2025,Pending,M9EGVRBOLH
372,2477,Payment,3413.86,EUR,3/3/2025,Pending,M3DGIZLOJH
373,1242,Transfer,15047.05,UZS,1/24/2025,Failed,GVLZMS4F5P
374,1704,Deposit,5025.81,USD,4/29/2025,Failed,PKI4QYOHSG
375,1879,Withdrawal,11281.21,USD,9/1/2025,Pending,L0EG7ORH43
376,1009,Transfer,14447.58,EUR,7/25/2025,Completed,BXMTV7Q96C
377,2101,Withdrawal,9872.66,USD,9/29/2025,Completed,VUOWCLF9P8
378,213,Payment,5296.91,USD,3/7/2025,Pending,LTISVBPKDU
379,1328,Deposit,17557.86,UZS,5/12/2025,Failed,7XJBGY3M0U
380,253,Withdrawal,3839.26,GBP,6/23/2025,Pending,CUOI2QAMDR
381,2189,Transfer,9671.61,GBP,10/19/2025,Failed,ZT7IRHSK6X
382,214,Payment,1530.33,GBP,5/9/2025,Pending,M9XCEKH0VW
383,128,Transfer,1248.57,USD,9/3/2025,Pending,G1R6MF0OV5
384,1960,Transfer,13835.57,UZS,9/15/2025,Completed,A1WE39LBRM
385,206,Withdrawal,4287.01,GBP,5/5/2025,Failed,3TJR5WU7NY
386,1741,Payment,19544.2,EUR,11/13/2025,Failed,6X2ID8FQT7
387,1121,Transfer,2532.74,USD,1/20/2025,Pending,APY6QUWFGB
388,2267,Payment,6019.76,GBP,11/3/2025,Completed,8PGLJ4ZKW7
389,2212,Withdrawal,11375.77,UZS,8/16/2025,Failed,KFCLBDWIA7
390,2053,Withdrawal,1624.94,UZS,5/13/2025,Failed,P9UWQNZIOA
391,2125,Withdrawal,18947.63,EUR,12/3/2025,Failed,TG9MQ2L7B3
392,140,Transfer,14209.56,GBP,2/2/2025,Pending,X7VNJI3LAP
393,2277,Transfer,17162.64,UZS,5/9/2025,Failed,096GF3SXEW
394,2400,Deposit,4775.02,USD,4/20/2025,Pending,28LXIQ04A5
395,245,Withdrawal,17094.76,USD,12/25/2025,Completed,BFVXUAK4JQ
396,2358,Transfer,14578.68,EUR,11/27/2025,Pending,XAH7KYQT8I
397,1151,Transfer,7854.92,UZS,2/25/2025,Failed,UL24XG9PH1
398,2054,Transfer,6132.82,UZS,4/3/2025,Pending,D0VCTLM7Z9
399,1332,Transfer,17248.7,GBP,1/27/2025,Completed,5BVAQIZKH0
400,2208,Transfer,18562.07,GBP,11/7/2025,Pending,J73TB4F5CP
401,2380,Payment,8950.98,USD,9/27/2025,Failed,WSJKNF1H98
402,1724,Deposit,6428.35,USD,7/15/2025,Failed,NCERGXW7Y6
403,52,Deposit,10349.19,UZS,11/11/2025,Completed,CQ7POGWXHI
404,2177,Payment,8534.89,GBP,8/24/2025,Completed,0IFN3U2D1K
405,434,Withdrawal,12260.97,UZS,11/28/2025,Failed,BYE73M6SFD
406,2052,Withdrawal,11049.17,UZS,7/11/2025,Pending,9A0CB6PVIS
407,872,Transfer,18443.12,EUR,6/9/2025,Failed,H756YFWIDJ
408,1703,Withdrawal,9917.7,UZS,4/7/2025,Completed,PS1Z0Q8HLE
409,1120,Deposit,2192.47,UZS,5/27/2025,Completed,D8SM1XIABF
410,349,Withdrawal,11577.93,GBP,9/3/2025,Failed,QYA9K1IVCO
411,871,Payment,16396.49,UZS,3/22/2025,Pending,PWUH529ZLJ
412,1986,Transfer,905.76,GBP,1/8/2025,Failed,W5VF7U3C8L
413,154,Payment,14616.59,UZS,3/6/2025,Failed,CUGEQV1YNO
414,1880,Deposit,7131.22,USD,4/21/2025,Failed,A1R958EYGQ
415,965,Deposit,8643.56,UZS,12/23/2025,Pending,298ZPRYV75
416,1814,Withdrawal,6738.54,USD,10/3/2025,Completed,JIGSX0Q4B6
417,2229,Payment,16035.42,UZS,7/24/2025,Pending,KDUO16853F
418,350,Withdrawal,7786.36,UZS,7/28/2025,Failed,FJU0OTZ6H9
419,2119,Withdrawal,18928.51,GBP,9/14/2025,Pending,QFYRWCAI94
420,741,Withdrawal,9490.45,GBP,3/19/2025,Pending,J5NRX4LHCF
421,828,Transfer,7804.52,GBP,12/1/2025,Completed,YXDGKPOEHZ
422,1264,Deposit,10394.3,UZS,2/17/2025,Pending,NPEVA6U9GF
423,840,Withdrawal,11767.56,EUR,4/7/2025,Pending,HAIWMXCP01
424,2273,Payment,18988.95,EUR,11/6/2025,Failed,LRW70OA9VZ
425,1130,Deposit,16664.7,UZS,8/11/2025,Completed,PZ63WGXOJB
426,2258,Withdrawal,18279.48,EUR,11/10/2025,Pending,OR6317E82K
427,1226,Transfer,16561.85,USD,10/31/2025,Completed,8RL3P974XE
428,1260,Withdrawal,14668.88,USD,5/15/2025,Pending,7L32ZGPXSU
429,1917,Payment,10652.26,UZS,11/6/2025,Failed,54DF691TO2
430,1261,Deposit,19603.37,UZS,5/8/2025,Pending,36BPW1ETU7
431,414,Withdrawal,759.62,EUR,4/9/2025,Failed,FEVPDB03T4
432,1188,Withdrawal,3681.91,UZS,11/22/2025,Completed,24N1HWG9FL
433,1889,Payment,13346.94,GBP,8/8/2025,Pending,P1N7T4M5R6
434,1060,Payment,13194.03,USD,10/26/2025,Failed,NDVJ4CRKZM
435,961,Payment,4821.54,USD,1/2/2025,Completed,YOTW0NRQUP
436,1117,Deposit,13783.27,USD,3/24/2025,Failed,IWVJ0LQ43K
437,2041,Deposit,19703.21,GBP,3/15/2025,Completed,X4JAPV1NYF
438,2525,Withdrawal,3146.25,USD,8/31/2025,Pending,2LA149X8RU
439,1547,Transfer,4264.28,USD,12/26/2025,Failed,QHY9RZ35F4
440,2162,Payment,2869.21,GBP,2/3/2025,Completed,E3I7Q2F4WS
441,2527,Payment,497.92,UZS,11/20/2025,Completed,IZ3N4POMRS
442,2125,Withdrawal,11228.89,EUR,9/21/2025,Failed,MJS2C8G3L9
443,1759,Transfer,16302.25,GBP,9/9/2025,Completed,7JQF0BH9CW
444,890,Withdrawal,8538.38,EUR,7/19/2025,Failed,31YVHUKDAZ
445,898,Payment,5767.32,UZS,3/22/2025,Completed,30U9ZXVYHJ
446,283,Deposit,13449.92,UZS,7/11/2025,Pending,1ZVNEU0R7Y
447,2282,Transfer,4787.23,EUR,1/14/2025,Completed,TAR8NWYE4I
448,833,Withdrawal,19363.21,GBP,11/11/2025,Failed,T2QNOD15KL
449,1729,Withdrawal,6104.24,UZS,7/26/2025,Failed,VADIQN2RYF
450,1929,Withdrawal,12909.02,USD,5/27/2025,Pending,BWP640OEMX
451,2263,Deposit,17913.55,UZS,10/1/2025,Pending,69FG2AZXMO
452,136,Transfer,2898.32,UZS,11/10/2025,Pending,HGR8OIUDWX
453,1246,Withdrawal,18046.78,EUR,1/20/2025,Pending,OJ3UR7WLSE
454,2468,Payment,8621.65,USD,6/22/2025,Failed,DWF9PYE7UX
455,2015,Deposit,13811.87,UZS,11/1/2025,Failed,C8KDIVLEBG
456,2433,Payment,14280.98,EUR,5/31/2025,Failed,JBDSXEN3LM
457,2133,Deposit,2112.29,USD,2/22/2025,Failed,L93PN76HGC
458,711,Deposit,13525.56,USD,3/24/2025,Failed,FQALZ5YE1D
459,326,Deposit,4024.42,UZS,1/28/2025,Completed,ZI6J3MX8NS
460,1754,Transfer,2177.57,USD,3/6/2025,Failed,ULW79KOAD3
461,579,Withdrawal,11266.39,UZS,3/18/2025,Pending,WRYJC52KU8
462,1862,Payment,15321.39,USD,8/18/2025,Completed,EUDRP4Z7O5
463,717,Transfer,1813.97,UZS,11/8/2025,Failed,QLBHR09ACU
464,478,Withdrawal,14863.77,EUR,6/6/2025,Pending,2G6O34IFWP
465,1020,Deposit,676.91,USD,11/16/2025,Pending,MLQ9N5GPO6
466,1045,Withdrawal,1429.62,UZS,2/3/2025,Completed,QEMLUYDNP8
467,1941,Deposit,16866.87,GBP,8/5/2025,Completed,DKMIYJUNFH
468,1602,Withdrawal,17045.77,GBP,11/8/2025,Pending,C915QVHZOX
469,183,Deposit,14166.75,GBP,10/18/2025,Failed,R93GOZIE6F
470,1726,Deposit,10610.22,EUR,3/1/2025,Pending,7JV0CH23PT
471,2003,Deposit,7778.29,UZS,3/18/2025,Completed,PERHYSMLFW
472,678,Deposit,15510.36,UZS,12/25/2025,Pending,NLIQ1R5WEZ
473,1318,Payment,11753.71,EUR,8/2/2025,Failed,0THA4RI6ES
474,979,Withdrawal,14676.27,USD,4/5/2025,Failed,REN6ZJ4D3Q
475,917,Withdrawal,9589.49,UZS,11/7/2025,Pending,LN4HOI8X7M
476,2107,Withdrawal,14512.02,GBP,11/3/2025,Completed,LXKBJ6SUQ1
477,2221,Payment,5999.18,EUR,12/30/2025,Pending,52OGURSD63
478,1122,Payment,8259.44,UZS,2/17/2025,Failed,2QC4Y7GBRO
479,870,Payment,7214.15,EUR,4/26/2025,Failed,CTEBRUQ56V
480,2188,Transfer,11729.2,GBP,5/2/2025,Completed,D1FL6UCMEX
481,1338,Transfer,12194.72,EUR,10/22/2025,Completed,F7V2E0ANPS
482,956,Transfer,16220.13,UZS,9/30/2025,Failed,91JGFVT6L3
483,273,Withdrawal,18126.58,UZS,3/30/2025,Failed,156HZNVQPA
484,1967,Transfer,1820.66,EUR,11/9/2025,Failed,3QEPM075RT
485,605,Payment,19219.07,EUR,11/17/2025,Failed,9MDI5178KJ
486,1998,Withdrawal,773.9,EUR,3/19/2025,Failed,2YMS7IODHX
487,450,Withdrawal,17911.27,EUR,8/17/2025,Pending,7QLCJVH8YZ
488,441,Withdrawal,6192.53,GBP,4/23/2025,Completed,8ACB9RL1DP
489,401,Transfer,8497.02,UZS,5/6/2025,Failed,C921NTOMPZ
490,260,Transfer,13518.64,EUR,1/20/2025,Completed,KRHY0I54UP
491,1826,Deposit,1978.3,USD,4/24/2025,Pending,5EI37P0FOM
492,1936,Transfer,5666.45,GBP,1/4/2025,Pending,W2TH5DYUP4
493,2058,Deposit,4420.52,EUR,11/17/2025,Failed,783YUPGEKO
494,1216,Payment,16251.32,USD,10/23/2025,Completed,6RWBJ8CMA2
495,1137,Deposit,16684.36,USD,11/7/2025,Completed,3ED64MRJUK
496,164,Transfer,13970.53,USD,1/19/2025,Completed,K86ZLF7G1T
497,926,Payment,2584.21,EUR,8/9/2025,Pending,DSTL9W6HVM
498,2482,Transfer,19312.47,EUR,11/26/2025,Failed,T2M9SPYDWU
499,257,Payment,11842.08,EUR,8/12/2025,Completed,UCRI8BWFLH
500,1506,Deposit,14348.2,UZS,5/15/2025,Completed,4USJY8N97P
501,2365,Deposit,10524.13,EUR,3/19/2025,Pending,GNEOJL8BV7
502,779,Transfer,14685.4,EUR,9/1/2025,Failed,7C5EPNTHQZ
503,835,Payment,13832.14,GBP,12/22/2025,Failed,XGE4R5OUY8
504,1273,Payment,16149.94,UZS,11/4/2025,Failed,XSU6FH30R5
505,1709,Withdrawal,18142.26,EUR,10/20/2025,Pending,ZO4ENIPML3
506,1367,Payment,5369.8,EUR,4/24/2025,Failed,1FP8G2947R
507,2292,Payment,15855.25,EUR,6/1/2025,Completed,NYWO3SZHIP
508,31,Transfer,15743.08,EUR,10/25/2025,Failed,IBV83XRO6U
509,278,Transfer,6119.03,EUR,6/7/2025,Pending,4MT57POUZ2
510,2357,Transfer,2066.52,GBP,1/3/2025,Completed,SEF6WDX57V
511,1185,Withdrawal,20000,GBP,9/5/2025,Completed,F0Z4XBEDJ2
512,461,Transfer,7938.47,GBP,6/30/2025,Failed,IM9RLF8YZG
513,2321,Transfer,9999.88,GBP,10/7/2025,Pending,OU4HVSBMQ3
514,146,Payment,18268.34,USD,5/2/2025,Failed,8C7TGUSOR1
515,1802,Transfer,14981.37,GBP,9/13/2025,Completed,8UNM6PQ0YD
516,737,Withdrawal,5709.51,USD,9/9/2025,Pending,OYM7WRNJ6Q
517,818,Transfer,5460.85,UZS,3/23/2025,Failed,26QE5TJMCK
518,1426,Transfer,13820.47,EUR,3/4/2025,Failed,NATU8ZI3E4
519,1802,Withdrawal,16634.25,EUR,6/17/2025,Pending,FU34B9LJOV
520,819,Payment,19102.53,UZS,9/29/2025,Failed,VD0ZEFH96R
521,31,Transfer,13934.09,UZS,12/10/2025,Completed,AX81O6EB9J
522,2294,Deposit,7941.48,USD,1/21/2025,Failed,B6XULHR3WO
523,1453,Withdrawal,16143.46,GBP,8/7/2025,Completed,0N5XMROSEK
524,2101,Deposit,3694.43,EUR,5/25/2025,Failed,W2UZTMKY3C
525,1508,Payment,19075.83,EUR,2/6/2025,Pending,59ZL8NK7WY
526,1606,Withdrawal,12654.16,USD,9/17/2025,Completed,J0KO9VN6EM
527,800,Transfer,2752.48,UZS,1/3/2025,Failed,EJPNHIG0OV
528,812,Payment,7296.01,UZS,8/4/2025,Pending,1FT9KPH2IX
529,1608,Transfer,10417.02,UZS,11/12/2025,Failed,CL01T9KHZ8
530,309,Transfer,8376.08,EUR,1/4/2025,Pending,Z13K7ICJ59
531,1414,Withdrawal,13426.52,UZS,3/7/2025,Completed,XTSDHVFWQZ
532,572,Withdrawal,2731.3,GBP,6/11/2025,Completed,7K8GPIJXDQ
533,1480,Deposit,13437.69,EUR,8/12/2025,Failed,KUGI8OYMVT
534,2273,Withdrawal,13795.47,UZS,11/19/2025,Pending,JF1O0RL75N
535,2206,Transfer,6638.3,USD,5/30/2025,Pending,A172RYSVFZ
536,1642,Payment,17970.09,USD,5/10/2025,Failed,W5JR6IV3Y8
537,1774,Deposit,8593.39,GBP,7/25/2025,Failed,9NBOESTDCR
538,268,Transfer,4405.46,UZS,9/19/2025,Failed,IQOCVZD2HF
539,1295,Payment,14349.7,EUR,12/30/2025,Completed,PL3MSKTF5V
540,1000,Withdrawal,18120.29,EUR,11/24/2025,Failed,MTNR5HV2Z7
541,335,Payment,3524.95,EUR,1/30/2025,Pending,U39R2GHCVO
542,1312,Withdrawal,19054.55,UZS,7/12/2025,Pending,9J0PCVKRLZ
543,489,Deposit,762.56,EUR,7/2/2025,Completed,LWAR2NXQCJ
544,2222,Withdrawal,11246.42,EUR,3/22/2025,Pending,PVUYM7GWEI
545,336,Transfer,6992.04,UZS,6/24/2025,Completed,HDPIK2NU7V
546,2365,Deposit,5094.17,USD,1/12/2025,Pending,DUMEB0Q8T9
547,2194,Deposit,11622.1,EUR,7/20/2025,Completed,GZYS6WLK17
548,2107,Withdrawal,15338.25,GBP,5/23/2025,Failed,OKJABHPXLM
549,378,Payment,2779.65,USD,7/14/2025,Failed,5FPU1V2NID
550,121,Transfer,13088.98,EUR,8/29/2025,Pending,LK3G6COMF2
551,2201,Payment,14424.04,EUR,7/19/2025,Pending,FLVNWUT8S2
552,2516,Deposit,9195.4,EUR,1/7/2025,Pending,TKQOLWF3IG
553,2167,Payment,13410.58,UZS,3/19/2025,Pending,D7EBHV1UFN
554,1419,Payment,5348.41,USD,12/17/2025,Pending,JRTVB0IEQZ
555,1426,Transfer,8682.5,EUR,9/16/2025,Pending,LHZAWIRC2E
556,2469,Deposit,1087.41,GBP,10/31/2025,Pending,RMIAF7W3J8
557,798,Deposit,5712.53,GBP,1/22/2025,Failed,WDUY31LXHK
558,386,Payment,9448.76,GBP,1/11/2025,Failed,GW0RIH4LJ3
559,1872,Payment,7449.03,GBP,1/30/2025,Completed,L4VI9FMN0Z
560,2272,Withdrawal,10878.12,USD,3/6/2025,Pending,1TEDOL735F
561,2507,Deposit,14769.07,USD,1/8/2025,Failed,1IZRHKEYG0
562,1602,Withdrawal,11493.82,UZS,10/27/2025,Completed,3ZM9UY80XP
563,2527,Withdrawal,15073.63,GBP,8/17/2025,Completed,FQVAY3GSLU
564,2343,Transfer,1654.93,GBP,8/9/2025,Completed,R06YGKQI9C
565,2212,Withdrawal,11080.87,USD,4/26/2025,Failed,2IDB7SJNEF
566,538,Withdrawal,9065.89,GBP,8/13/2025,Failed,XKRS2J1PCV
567,2519,Payment,13144.88,EUR,5/26/2025,Completed,Z0N56CP9RW
568,2495,Withdrawal,9479.84,GBP,11/18/2025,Completed,U42OQ51ZAK
569,2374,Deposit,11338.32,EUR,4/10/2025,Failed,CHVZ3L10DG
570,910,Withdrawal,9246.6,EUR,8/29/2025,Failed,IKPYO0XZ4B
571,125,Payment,1913.21,USD,9/7/2025,Completed,5PJCBXZLNV
572,2319,Withdrawal,10395.97,USD,11/28/2025,Failed,ZKLY0P8CRM
573,1541,Withdrawal,19169.88,EUR,2/25/2025,Completed,2JHRPMT6FX
574,1110,Transfer,1194.37,GBP,12/4/2025,Pending,WYU0AFT7Z8
575,1975,Deposit,831.71,USD,12/19/2025,Failed,DVUXBTWROM
576,1036,Withdrawal,6591.88,UZS,4/3/2025,Failed,PF3SHI2TM4
577,2493,Withdrawal,10105.05,UZS,9/2/2025,Pending,QVMX73GEL6
578,328,Payment,5773.26,USD,4/15/2025,Failed,9F6IJA80E7
579,2209,Withdrawal,14017.4,USD,6/2/2025,Failed,UMYKH91GLT
580,955,Withdrawal,15939.63,GBP,9/9/2025,Pending,RP8FU2NAVH
581,317,Deposit,18123.69,UZS,11/22/2025,Pending,6FYAJOGT0X
582,712,Withdrawal,1365.29,GBP,5/2/2025,Completed,RXMBHF65E7
583,602,Payment,1246.21,USD,1/11/2025,Failed,SG3DMARZK6
584,1836,Deposit,16572.48,USD,12/8/2025,Completed,5WP6ML0F41
585,973,Withdrawal,3061.73,GBP,4/29/2025,Failed,BSPXW3RKEZ
586,1314,Payment,8096.58,GBP,10/12/2025,Failed,1AJZILSHCB
587,112,Transfer,5349.26,EUR,2/5/2025,Failed,MEW9HG0YTD
588,1889,Withdrawal,18801.6,UZS,2/3/2025,Failed,KGS3V20QWH
589,1474,Transfer,15581.59,USD,10/3/2025,Completed,NFRGIAWXCB
590,1834,Payment,245.7,EUR,11/25/2025,Pending,X58IHSR1F0
591,1683,Deposit,15522.6,UZS,5/10/2025,Completed,2SOEF4UKI7
592,1483,Deposit,12980.33,GBP,2/8/2025,Pending,KETIBM8G09
593,2049,Deposit,19663.4,EUR,5/12/2025,Pending,YPT2MWE1O3
594,1650,Payment,1448.82,USD,6/8/2025,Failed,PZUNCQ3YF4
595,1827,Deposit,4658.95,UZS,1/5/2025,Failed,JE9BR13Q4D
596,224,Deposit,17680.62,UZS,6/26/2025,Pending,TX9LPVHYK4
597,2100,Transfer,18854.42,EUR,5/11/2025,Pending,SAWEZ2UKD1
598,2450,Payment,2275.92,UZS,8/11/2025,Completed,LRZ71QTED0
599,1341,Transfer,11603.81,GBP,11/25/2025,Failed,V1YLIGX0C2
600,1619,Transfer,8910.94,UZS,10/23/2025,Pending,CYM2XGTI4W
601,1079,Payment,10676.13,UZS,11/24/2025,Pending,G8A9FSYIME
602,2524,Withdrawal,15899.97,GBP,2/10/2025,Completed,Z3BKG26NL4
603,1536,Transfer,3365.59,EUR,9/13/2025,Failed,HJ4ZOCAUB1
604,1476,Withdrawal,15403.35,USD,6/23/2025,Completed,S5H81LWP39
605,717,Transfer,9242.48,GBP,4/29/2025,Pending,CYZS6BH31V
606,431,Payment,1498.14,EUR,4/4/2025,Failed,TYXUJEZ72A
607,363,Payment,14269.91,EUR,6/9/2025,Completed,JDS9Y3ROQC
608,1084,Payment,15265.88,GBP,3/8/2025,Pending,GVM85TYEQD
609,455,Payment,4170.51,USD,9/28/2025,Failed,1XP5GB9UMH
610,121,Payment,12216.25,UZS,5/26/2025,Pending,JE1N4CUIM5
611,2162,Withdrawal,9816.74,GBP,11/10/2025,Completed,DH3I4O5J7C
612,1694,Transfer,18471.01,EUR,8/11/2025,Failed,ZW2Q3PX8YB
613,2295,Transfer,14721.65,EUR,7/2/2025,Failed,OV0U3Q9W1N
614,726,Withdrawal,2032.63,EUR,10/19/2025,Failed,VBWO6GEQML
615,867,Withdrawal,3988.19,GBP,5/8/2025,Pending,2I507OHEVL
616,1494,Deposit,2524.39,USD,8/12/2025,Completed,3ONML1BZ20
617,851,Payment,16803.27,UZS,6/2/2025,Failed,S3DR1YCUIE
618,1794,Transfer,8740.82,UZS,3/31/2025,Failed,18XAB6ROIL
619,1705,Deposit,2405.33,USD,9/3/2025,Failed,CDOZPEIW02
620,1831,Transfer,8516.49,USD,11/18/2025,Pending,JZIBX746YH
621,1491,Transfer,2489.12,UZS,2/18/2025,Failed,PZWJ470RFI
622,81,Payment,9662.92,GBP,6/8/2025,Completed,N6YGOHA2BJ
623,1177,Withdrawal,8568.34,USD,5/23/2025,Pending,M2KSFWGBON
624,1848,Withdrawal,11914.55,GBP,11/17/2025,Failed,0DQRLW4UAH
625,1607,Payment,12942.47,EUR,7/18/2025,Failed,0Y8RTUK7G3
626,1593,Transfer,10613.81,USD,12/25/2025,Failed,9Z4D36NRWI
627,1086,Transfer,15251.18,UZS,3/16/2025,Failed,PIYFTSDR2V
628,494,Payment,2363.3,USD,11/6/2025,Completed,OSQJ9LE6PV
629,1859,Transfer,14635.79,USD,4/27/2025,Failed,8JMT5YQKVB
630,352,Transfer,10095.48,USD,5/14/2025,Failed,BEINK2V0U5
631,2260,Deposit,10388.02,EUR,7/7/2025,Completed,CRLVZW6EJQ
632,293,Payment,4949.65,EUR,8/11/2025,Failed,MCSZBN70GL
633,2545,Deposit,3538.97,UZS,10/15/2025,Failed,U9OY7JV6S3
634,2090,Deposit,11094.96,EUR,4/20/2025,Pending,ZN23BOAJK0
635,1559,Payment,7463.54,EUR,8/1/2025,Pending,1XJB79YN60
636,663,Withdrawal,15289.91,GBP,10/28/2025,Completed,IMKROGCD76
637,1128,Withdrawal,10457.18,UZS,1/25/2025,Completed,VKCXZIDPNB
638,2261,Deposit,1185.97,EUR,6/11/2025,Failed,X8IDZWT0O3
639,184,Payment,18311.35,GBP,2/26/2025,Pending,VWH6A3RI0K
640,166,Deposit,4767.46,GBP,1/17/2025,Failed,GMHIC2Z8Q9
641,755,Transfer,8152.11,UZS,7/14/2025,Failed,ILM9GW2YVC
642,2405,Deposit,13060.39,EUR,5/31/2025,Failed,RB8GOIDYLM
643,1914,Withdrawal,6456.45,USD,11/21/2025,Completed,L8B5PFYNJZ
644,965,Withdrawal,1072.74,USD,4/8/2025,Failed,NGLD1T42Y7
645,2338,Deposit,15143.67,USD,7/10/2025,Completed,8RALPT7NKE
646,2365,Deposit,2569.26,UZS,2/28/2025,Completed,LB4FC9KXE5
647,1427,Transfer,476.14,EUR,1/8/2025,Completed,MGC5XZBKJ3
648,608,Transfer,19413.04,UZS,7/30/2025,Failed,N8BD4WKYZI
649,700,Transfer,5426.46,GBP,10/10/2025,Completed,ZALDV2PS0C
650,231,Payment,12712.57,UZS,10/18/2025,Pending,TBCL2X34YN
651,821,Transfer,4840.6,GBP,7/1/2025,Pending,YJQLN0ZS2C
652,2320,Withdrawal,1649.89,GBP,7/5/2025,Failed,EJ28PWXU3N
653,942,Transfer,8731.78,GBP,8/18/2025,Completed,NP7GJL249C
654,2090,Transfer,5392.81,EUR,12/17/2025,Completed,F8ZHLGA30B
655,303,Payment,10665.56,EUR,7/8/2025,Failed,7H3JR9BYO5
656,2156,Transfer,17050.78,EUR,12/19/2025,Completed,36YSFJVNPU
657,1738,Withdrawal,15793.24,GBP,5/11/2025,Failed,FAJZ5GRB86
658,1806,Transfer,16788.32,UZS,10/21/2025,Pending,8N1KPO9F36
659,253,Transfer,6737.96,UZS,9/7/2025,Failed,RLK45289AN
660,730,Transfer,19070.77,GBP,10/23/2025,Pending,2ACVO9W84B
661,1877,Deposit,14832.55,GBP,3/25/2025,Failed,0PNZLCKOS7
662,1595,Payment,2206.08,GBP,6/25/2025,Completed,1Q9PBELOSM
663,1968,Withdrawal,6513.13,GBP,5/2/2025,Completed,Z02X87RA9Q
664,1879,Withdrawal,17952.96,GBP,4/28/2025,Failed,NVIAMYP2X3
665,834,Transfer,11683.87,EUR,6/17/2025,Failed,176FVQA5SK
666,1731,Deposit,7638.87,UZS,10/4/2025,Pending,NJOSPTV1XF
667,403,Withdrawal,15118.77,UZS,4/9/2025,Failed,YLRNTUVX2E
668,2003,Deposit,5072.67,GBP,8/9/2025,Failed,A4YM6BJ73V
669,1663,Deposit,6159.23,USD,10/11/2025,Completed,V4Q7TSD1HX
670,2366,Withdrawal,15877.66,EUR,8/11/2025,Completed,EQPKWD5CG3
671,134,Withdrawal,15590.64,UZS,1/19/2025,Pending,2O8P9EWZ0U
672,720,Payment,18698.5,USD,5/17/2025,Failed,6L5W9HV1NK
673,2173,Deposit,13721.2,EUR,4/30/2025,Completed,45NX0RF3TK
674,752,Deposit,1426.92,USD,6/11/2025,Pending,598OFRA2VB
675,2036,Withdrawal,8244.67,UZS,1/28/2025,Failed,GFW318QZUB
676,1245,Transfer,3497.37,USD,5/29/2025,Failed,UI350V7G9B
677,88,Withdrawal,3068.16,UZS,5/13/2025,Pending,E5VYT9ZXL0
678,643,Deposit,6276.65,GBP,1/13/2025,Failed,12UTSB86GE
679,1232,Payment,19963.94,UZS,8/15/2025,Pending,5IMN8FR9ZA
680,1079,Withdrawal,10039.06,GBP,1/18/2025,Failed,T75GFOAQUS
681,2365,Transfer,6515.85,GBP,3/26/2025,Failed,M3V65NTI9A
682,1585,Withdrawal,470.9,USD,9/25/2025,Completed,LBVGAST9JW
683,1050,Transfer,17163.13,USD,10/5/2025,Pending,PARHS2ZUQJ
684,2427,Deposit,3597.46,UZS,3/24/2025,Completed,N1JOIEAQVX
685,1429,Transfer,4999.66,USD,12/19/2025,Failed,D1OX9MIGHF
686,1240,Withdrawal,10263.94,USD,12/2/2025,Completed,7XLVP1GBAT
687,1384,Deposit,15098.88,UZS,10/27/2025,Failed,UA8MO5EF2J
688,2547,Payment,6343.68,EUR,1/4/2025,Pending,820QCLZJ9R
689,1635,Deposit,13065.78,UZS,10/31/2025,Completed,AZHR76SQVM
690,1975,Payment,19810.85,GBP,11/5/2025,Completed,ZENUYIDT1S
691,1389,Deposit,15237.87,EUR,11/18/2025,Pending,LB0X8GZO3H
692,2417,Payment,5323.29,UZS,5/12/2025,Failed,ZU96P7B1GA
693,1773,Payment,14101.4,USD,6/15/2025,Completed,G2OXA0ZIC1
694,150,Withdrawal,11458.9,GBP,2/5/2025,Completed,CM7K9OBI84
695,874,Transfer,8514.82,GBP,8/27/2025,Failed,QIN9EKH83L
696,2054,Transfer,3465.8,USD,5/31/2025,Failed,46YGRINMHE
697,351,Deposit,3217.57,UZS,3/4/2025,Completed,UKPSJIYB4W
698,1357,Payment,16865.05,EUR,7/22/2025,Failed,2O3MX67KIF
699,1938,Transfer,5377.68,UZS,12/12/2025,Pending,1V0WGKPLUH
700,1499,Payment,6664.98,USD,4/20/2025,Completed,NJTKZQ8V2A
701,1871,Deposit,10795.11,EUR,10/20/2025,Failed,ZL93SFXNCJ
702,1285,Withdrawal,19774.84,EUR,2/18/2025,Failed,A1R5SZN32B
703,382,Deposit,8543.66,UZS,2/10/2025,Failed,IGZWD6OFEC
704,2170,Deposit,6518.14,EUR,9/28/2025,Failed,0H3C18P7EL
705,1361,Deposit,3196.78,GBP,12/1/2025,Completed,SVP8NLDI4J
706,1975,Transfer,9214.67,EUR,3/11/2025,Pending,N6T2RCOXAD
707,1575,Payment,2492.43,EUR,11/5/2025,Pending,9UE2I687WA
708,619,Payment,18596.82,UZS,1/22/2025,Failed,04CLFQOABE
709,428,Payment,14392.62,GBP,5/14/2025,Failed,C1ZHTAPJXQ
710,2096,Deposit,2238.6,USD,8/14/2025,Pending,9G4EFPQOUY
711,112,Withdrawal,5102.1,GBP,8/24/2025,Pending,UEH9I6YDWN
712,1243,Transfer,8572.08,GBP,3/6/2025,Completed,7ZY6418WQO
713,134,Transfer,10299.56,UZS,10/27/2025,Pending,ILW6PGZQK4
714,2169,Payment,8494.04,GBP,1/24/2025,Completed,HFM8S3CW1K
715,181,Withdrawal,10743.19,GBP,12/28/2025,Completed,ZO27FVKCM0
716,1793,Transfer,1247.16,USD,7/3/2025,Pending,E901IQFSDO
717,492,Transfer,6698.68,GBP,5/28/2025,Failed,P1NQU2CZ7I
718,817,Payment,130.78,USD,1/15/2025,Completed,MFV3AO4PW9
719,486,Payment,3792.9,UZS,8/18/2025,Completed,XONU1WSE0A
720,2277,Withdrawal,5502.53,UZS,1/5/2025,Pending,ID4E5T2R3Q
721,1293,Transfer,9142.12,EUR,8/2/2025,Completed,U6KE04VIJT
722,1962,Transfer,12641.73,GBP,1/15/2025,Pending,INJDKE4US0
723,895,Withdrawal,653.14,USD,7/1/2025,Pending,SW4BIE69JD
724,1942,Transfer,19699.4,GBP,10/14/2025,Completed,9RV7MLQIOG
725,987,Deposit,19200.73,UZS,7/5/2025,Pending,9T20DLMEOH
726,1118,Withdrawal,8223.75,GBP,11/17/2025,Completed,T8QIEOHSUD
727,1298,Deposit,2761.33,GBP,5/20/2025,Failed,T491RMOCEK
728,1238,Payment,15847.73,EUR,12/13/2025,Pending,KE3RH0LW2I
729,1098,Payment,805.72,GBP,5/29/2025,Completed,9XW5G3IBSQ
730,1679,Deposit,1457.51,EUR,10/25/2025,Completed,VLJYCR9M8B
731,711,Payment,19742.73,GBP,12/28/2025,Failed,HY8D7SPQG2
732,945,Payment,9387.85,GBP,3/31/2025,Completed,PCQA7BWZI8
733,1452,Deposit,9754.05,GBP,5/5/2025,Completed,MHY8ZXNCWI
734,1179,Payment,15918.15,UZS,4/9/2025,Failed,AL0ZTK9OF1
735,982,Transfer,14734.27,UZS,1/16/2025,Completed,FEJG1OPZ6X
736,793,Payment,19852.08,UZS,8/1/2025,Pending,H92G6A5WCF
737,1784,Deposit,14477.03,USD,12/2/2025,Failed,M6G502FH4E
738,569,Deposit,9650.99,EUR,12/4/2025,Failed,VZ0MUIWN3G
739,948,Payment,18692.84,GBP,2/15/2025,Failed,BQ9C6A5TNY
740,341,Transfer,2354.58,GBP,10/4/2025,Pending,HU15YBAELO
741,1584,Deposit,3500.86,EUR,2/14/2025,Failed,XQT9MWKO48
742,1393,Transfer,11287.13,USD,6/17/2025,Failed,CYUFSRHOQT
743,1138,Transfer,5281.24,EUR,4/26/2025,Failed,KCTQ0WL76F
744,212,Transfer,9089.16,UZS,2/25/2025,Completed,2SOL1J0FAW
745,2322,Withdrawal,4210.73,GBP,5/25/2025,Pending,63871WUJQN
746,854,Deposit,9607.05,EUR,9/1/2025,Completed,JTYDX2MUSO
747,75,Deposit,5562.23,GBP,5/19/2025,Pending,EX12N5J4DI
748,714,Payment,16184.33,USD,2/7/2025,Pending,4RT38BLUND
749,523,Withdrawal,13436.82,GBP,10/7/2025,Failed,GYO27ZW09A
750,673,Deposit,6633.77,GBP,12/18/2025,Completed,QKO35GTP4J
751,828,Payment,13117.41,UZS,7/29/2025,Pending,1MB5TGL0WQ
752,1760,Transfer,10247.29,UZS,11/6/2025,Completed,V9LH4AT56D
753,1729,Withdrawal,4228.14,GBP,8/28/2025,Failed,89UTONCQH5
754,2409,Transfer,8159.22,EUR,10/15/2025,Pending,KOIVAH7NCJ
755,2245,Transfer,13625.77,EUR,8/22/2025,Completed,8VUMX6FKN1
756,1028,Transfer,19839.74,EUR,12/3/2025,Failed,JQ3ACEUIP8
757,2291,Payment,2166.18,UZS,7/8/2025,Completed,9ZXJLCERTF
758,2143,Withdrawal,453.97,EUR,8/26/2025,Failed,FYG8ABW53H
759,1501,Transfer,15372.49,GBP,7/28/2025,Completed,NXKMH5UPBT
760,307,Transfer,10307.74,UZS,6/10/2025,Completed,4WT1DBEHA7
761,1958,Transfer,17492.91,UZS,10/6/2025,Pending,SQ6H1B2OKR
762,2266,Payment,3153.89,EUR,10/19/2025,Pending,CA8X02BPYL
763,2391,Deposit,16596.53,EUR,11/20/2025,Failed,GCYDR5LA8M
764,1407,Transfer,19850.91,USD,10/31/2025,Completed,FPC4HEG0KS
765,2430,Deposit,6716.85,GBP,4/29/2025,Failed,1V5QBSH0YC
766,1593,Transfer,1597.49,GBP,12/15/2025,Completed,3MI0RGOUN9
767,1164,Withdrawal,11289.65,UZS,3/29/2025,Completed,16EB25DG8T
768,1116,Deposit,1548.76,EUR,12/26/2025,Pending,XA7YSWO1F6
769,1804,Withdrawal,14742.55,EUR,1/25/2025,Completed,TN9SI76V8L
770,1562,Transfer,1727.88,USD,10/12/2025,Failed,PMEH26U1TZ
771,2346,Transfer,19065.28,EUR,10/15/2025,Completed,9JXSN8BDEV
772,1498,Withdrawal,17077.42,EUR,6/20/2025,Completed,O6H89RWF7M
773,436,Transfer,3936.26,EUR,4/24/2025,Failed,FV09XYCO8K
774,2344,Transfer,17115.69,USD,10/16/2025,Failed,P4OD8NGSXR
775,1485,Payment,13400.37,USD,1/5/2025,Pending,52ESHU4ZBD
776,738,Withdrawal,11435.38,GBP,5/26/2025,Failed,O2P4UA3H89
777,163,Payment,9714.67,UZS,9/26/2025,Pending,XPKTHYBG50
778,1242,Transfer,5764.34,UZS,11/17/2025,Completed,56CJH1Y3E9
779,405,Deposit,7682.02,USD,2/5/2025,Pending,S6YP4J3ZKB
780,1404,Deposit,10147.27,GBP,11/28/2025,Failed,GBYEPT03LU
781,1819,Withdrawal,46.84,GBP,4/28/2025,Pending,WSJEKGH0UZ
782,243,Payment,6494.37,UZS,4/19/2025,Pending,930AYSJWZC
783,1118,Withdrawal,9936.77,EUR,1/31/2025,Failed,2AL7IE5X4V
784,1025,Withdrawal,5806.4,UZS,11/1/2025,Completed,1QLUO9Y4EF
785,685,Deposit,4807.25,EUR,6/6/2025,Completed,ZRTWBO4QF0
786,244,Payment,4776.85,EUR,6/7/2025,Completed,PG5DTYVOUJ
787,1283,Payment,920.46,GBP,4/9/2025,Pending,Y72HBFSRDA
788,26,Withdrawal,19903.08,UZS,7/3/2025,Completed,8PEFHAG15M
789,1267,Payment,839.7,EUR,1/6/2025,Completed,KO78049RJ1
790,288,Deposit,11763.69,USD,7/20/2025,Completed,UVX2MK9WQ0
791,1032,Transfer,16639.91,UZS,9/8/2025,Failed,ZWNUDM0VL1
792,912,Withdrawal,5247.75,GBP,3/7/2025,Pending,014KUQ3YLB
793,1552,Transfer,10235.98,UZS,4/9/2025,Failed,47E859N2IG
794,1807,Withdrawal,3205.67,EUR,8/11/2025,Pending,DTRXPNS6LQ
795,1058,Withdrawal,4544.72,EUR,4/1/2025,Pending,YJHGPTK2OQ
796,1255,Payment,17938.04,USD,5/31/2025,Completed,O2J5HGMYA1
797,639,Withdrawal,1551.44,UZS,11/15/2025,Completed,DZ71U2VEY5
798,1451,Transfer,16563,USD,5/9/2025,Completed,ZTSB34UIPK
799,2330,Transfer,14200.15,EUR,6/20/2025,Pending,D5RISFBEPN
800,1123,Deposit,2842.13,UZS,12/25/2025,Pending,LR3TQUYGK8
801,601,Deposit,13088.63,GBP,12/22/2025,Completed,64LU9E1KXZ
802,1231,Payment,4816.28,GBP,11/10/2025,Completed,1HYAUPBFTQ
803,661,Transfer,3529.45,GBP,11/15/2025,Completed,X8EGTKIDZ9
804,571,Withdrawal,7211.76,GBP,7/29/2025,Pending,5QU21ZYDWK
805,1461,Payment,4692.08,UZS,12/15/2025,Failed,Q0K3SUIXB2
806,396,Payment,5327.72,GBP,7/29/2025,Failed,L7CN5YA40E
807,2437,Withdrawal,1573.39,UZS,9/29/2025,Failed,I5S3T8Z9YN
808,22,Transfer,15006.3,USD,3/10/2025,Failed,INZ3T5VY6X
809,3,Withdrawal,16068.02,GBP,5/4/2025,Failed,2BTUZ8EH3I
810,2250,Transfer,9284.69,GBP,6/6/2025,Failed,YAP80MCONW
811,2449,Transfer,13060.63,GBP,10/24/2025,Pending,2HF5E3XB9I
812,104,Transfer,8969.58,USD,12/6/2025,Failed,FC2SNPVXJZ
813,2021,Payment,5603.89,EUR,2/2/2025,Completed,WKZVB4DHMF
814,2007,Payment,10118.61,UZS,3/17/2025,Failed,6S43XKD0AH
815,2511,Withdrawal,1841.64,EUR,4/26/2025,Completed,N2GK04653T
816,462,Transfer,11530.75,UZS,7/2/2025,Pending,6XAU5HWTMZ
817,2455,Transfer,1653.41,GBP,4/19/2025,Completed,SNW5RMA87F
818,64,Payment,8411.13,USD,8/3/2025,Completed,M9OECXKB5L
819,856,Withdrawal,9467.41,USD,12/14/2025,Pending,CETP86Y0WX
820,2288,Transfer,5622.23,EUR,10/8/2025,Failed,0TEFH3L4NW
821,1261,Payment,1069.09,USD,6/18/2025,Failed,OZ094CUPD3
822,749,Withdrawal,17439.52,UZS,5/17/2025,Pending,JGT76N9Q2M
823,1644,Transfer,7369.9,EUR,3/16/2025,Completed,MTPV7YDOLN
824,1891,Deposit,1722.83,UZS,3/4/2025,Completed,S2IGMFZX3K
825,2523,Transfer,14073.26,UZS,12/8/2025,Pending,EJ5SU3L2AZ
826,1480,Transfer,7673.29,GBP,6/2/2025,Completed,NTF3J8U0AE
827,1412,Payment,8795.94,UZS,9/6/2025,Pending,P36AZT0S4K
828,508,Transfer,8844.25,UZS,5/8/2025,Failed,VGXQW76329
829,1262,Withdrawal,2979.28,GBP,2/7/2025,Pending,14DJIZTUBP
830,2369,Transfer,2910.92,UZS,6/7/2025,Pending,4JBCAHO1GZ
831,1803,Payment,9788.82,USD,4/21/2025,Failed,JODH92T30Q
832,203,Deposit,10570.12,EUR,3/19/2025,Completed,DT02FOX1J5
833,993,Transfer,6695.73,USD,1/13/2025,Failed,Y4KRM0FB6D
834,1613,Payment,4030.38,UZS,3/17/2025,Failed,WOQMPLD1Z5
835,1,Withdrawal,10065.14,USD,7/26/2025,Pending,SQ4DY8PU1H
836,1375,Deposit,6255.45,EUR,3/17/2025,Completed,U4DK3BR05Y
837,1934,Transfer,5825.21,UZS,5/22/2025,Completed,NH8KRPOYS4
838,2220,Deposit,2405.19,GBP,8/21/2025,Pending,4CMGZH6VRA
839,381,Deposit,603.84,EUR,6/4/2025,Failed,YISO584CPQ
840,257,Payment,5607.42,UZS,5/18/2025,Failed,PMBJUH61XS
841,503,Withdrawal,15044.89,USD,3/25/2025,Failed,TYCEAUBVG3
842,92,Deposit,16086.3,UZS,12/20/2025,Completed,30DLT5AUIK
843,1930,Withdrawal,6205.17,EUR,1/15/2025,Pending,HT2ZI5AB37
844,415,Payment,17810.11,UZS,1/27/2025,Completed,7QD2N193JZ
845,607,Withdrawal,7856.29,EUR,12/17/2025,Pending,UHRI5JLNOD
846,2009,Transfer,6647.37,UZS,5/21/2025,Pending,YDV36PH5O1
847,1785,Withdrawal,9678.02,USD,6/14/2025,Completed,A19H83VQJT
848,1458,Payment,7452.79,UZS,10/23/2025,Completed,XWT6D71IS2
849,1130,Withdrawal,2819.29,EUR,9/27/2025,Completed,KTL1SVB8XO
850,1411,Withdrawal,4046.85,GBP,3/24/2025,Completed,6JO5SZTEU9
851,1219,Deposit,15418.59,UZS,5/26/2025,Completed,SD0ICK9A8B
852,283,Transfer,3083.11,EUR,9/10/2025,Completed,D1YR4NPSA2
853,2087,Transfer,12052.8,USD,6/18/2025,Completed,H91MQFSICD
854,1897,Deposit,6148.01,UZS,7/4/2025,Pending,70KT1LSARJ
855,639,Transfer,5245.01,USD,3/14/2025,Completed,67CBU2T35H
856,1370,Withdrawal,12475.75,UZS,3/7/2025,Completed,M1D9XY3ARN
857,71,Withdrawal,9813.56,GBP,3/6/2025,Failed,MWCIE356GK
858,968,Withdrawal,12693.32,EUR,11/29/2025,Pending,RVBH7PJQWD
859,1100,Payment,4497.39,USD,10/25/2025,Pending,4GVZI071CB
860,237,Transfer,18271.71,USD,11/7/2025,Failed,SRX7L2BQMJ
861,220,Transfer,573.01,UZS,1/16/2025,Pending,HZEVPA76M3
862,836,Deposit,1563.6,UZS,7/22/2025,Pending,IVFCRS2594
863,1554,Transfer,17549.4,UZS,4/21/2025,Failed,JI05K37EAT
864,2048,Transfer,13523.97,GBP,9/11/2025,Pending,ZDAUXMH6L0
865,1300,Transfer,12594.65,GBP,10/10/2025,Pending,WKXRBD5AJQ
866,1098,Withdrawal,18703.94,GBP,12/15/2025,Failed,JVY8OT7ILN
867,920,Transfer,2967.61,UZS,11/14/2025,Failed,W7GR8OAMTN
868,2133,Payment,5976.8,UZS,5/12/2025,Pending,4XU2INALK9
869,625,Withdrawal,4007.74,USD,7/3/2025,Failed,FHDQSW18A6
870,2510,Transfer,8296.17,EUR,5/15/2025,Pending,TIWNJQ3GO9
871,1428,Transfer,1931.51,EUR,1/26/2025,Pending,BMC6LUTJQS
872,1357,Withdrawal,8479.38,UZS,12/28/2025,Pending,CKHPM9352D
873,2334,Payment,10173.57,USD,3/10/2025,Failed,FQ51W6ICLV
874,2016,Transfer,3046.34,EUR,10/15/2025,Failed,647FLCHQM0
875,1938,Transfer,14025.18,GBP,7/10/2025,Failed,P2J7ITS0C4
876,484,Withdrawal,14634.52,GBP,6/11/2025,Failed,39TEADKRNO
877,2076,Withdrawal,14851.99,UZS,7/25/2025,Failed,6V2OER0P1J
878,732,Transfer,5064.72,UZS,1/12/2025,Completed,CL08QZ5H47
879,154,Transfer,19273.72,USD,6/4/2025,Completed,XYND1KH53Z
880,1765,Deposit,6519.92,EUR,9/18/2025,Failed,Z2WE4CGKUL
881,2044,Deposit,2145.86,EUR,10/18/2025,Completed,7XWERPZ5TL
882,610,Transfer,11408.22,UZS,11/29/2025,Completed,A351UBQCI9
883,1881,Deposit,19758.89,USD,11/8/2025,Completed,XV9YU0PH2R
884,1835,Payment,3317.06,EUR,5/7/2025,Completed,PBOGX04HE3
885,474,Payment,16430.55,USD,8/4/2025,Completed,YNF8WRQP02
886,56,Transfer,9176.84,USD,1/15/2025,Failed,X3TN8OF4YH
887,438,Payment,4978.33,GBP,5/22/2025,Failed,NGJD5B1RAK
888,569,Withdrawal,13333.76,GBP,11/12/2025,Pending,NGLUI0M3ZQ
889,494,Payment,313.84,GBP,2/9/2025,Failed,5EWKRD9QMS
890,1317,Payment,16131.95,UZS,8/23/2025,Completed,R04TE2MJHZ
891,1391,Withdrawal,13126.84,GBP,8/2/2025,Failed,216NQTGK3M
892,939,Transfer,10138.81,USD,6/25/2025,Failed,EG9YZVTAWR
893,1995,Transfer,9308.14,UZS,9/23/2025,Pending,ZVOC5LP16E
894,84,Transfer,13769.47,UZS,1/4/2025,Failed,6GVM24ENXJ
895,2267,Deposit,18839.8,EUR,10/29/2025,Failed,G84W5F1DMI
896,1163,Transfer,10822.88,USD,12/11/2025,Pending,ENL07PFJY1
897,2489,Transfer,8286.54,GBP,5/10/2025,Failed,OMAU37I8NH
898,1850,Payment,263.13,EUR,10/4/2025,Failed,S0I65JLDQN
899,2235,Transfer,16952.6,GBP,12/19/2025,Failed,XQ07FN8CIA
900,2137,Payment,2901.74,GBP,1/10/2025,Pending,9V3IC5JLX6
901,1012,Deposit,7344.88,EUR,8/3/2025,Pending,XR2DSOVB8T
902,1605,Payment,19740.92,GBP,2/11/2025,Pending,L9EJZUCYDX
903,1711,Withdrawal,5659.2,EUR,12/18/2025,Completed,JQM5BTIYK1
904,2375,Deposit,17916.16,EUR,5/18/2025,Failed,FBHSTN62L5
905,1001,Deposit,1943.86,EUR,8/23/2025,Failed,IB15F8TWA7
906,2358,Payment,5701.41,USD,6/20/2025,Failed,IGH1J4V68Z
907,273,Payment,8821.08,UZS,1/24/2025,Pending,N4SI93Q2CO
908,247,Deposit,18003.55,GBP,7/30/2025,Failed,69AI5ST74L
909,1803,Payment,8940.04,EUR,10/5/2025,Completed,O51R7LD68T
910,215,Payment,2039.66,GBP,2/15/2025,Pending,DCRA6LM27H
911,1394,Payment,7200.23,UZS,3/22/2025,Completed,NPYIWZKBX5
912,1274,Payment,203.36,USD,11/28/2025,Pending,ERNCJ8YDPL
913,2092,Transfer,18762.74,USD,3/13/2025,Completed,0S3GWM785A
914,1116,Deposit,13388.27,UZS,2/23/2025,Pending,43YJ6GEN98
915,2373,Withdrawal,14984.35,USD,6/22/2025,Failed,HWTQM15LPI
916,198,Withdrawal,13655.38,USD,5/9/2025,Completed,9QYPG25T3I
917,498,Payment,13720.01,EUR,9/19/2025,Failed,0IXRGC5B12
918,246,Deposit,15091.5,USD,5/10/2025,Pending,70Z8N3T59K
919,549,Deposit,8553.74,EUR,2/7/2025,Completed,QOS7342CZU
920,208,Payment,11337.68,USD,8/6/2025,Failed,Y7H3XT2MLN
921,508,Transfer,12897.62,USD,5/31/2025,Failed,9QCDPF7EWO
922,1824,Deposit,7944.58,GBP,9/20/2025,Completed,KH41XYT7V3
923,1689,Transfer,18769.19,USD,9/2/2025,Failed,COJVWB2GAN
924,2299,Deposit,6289.39,USD,7/22/2025,Failed,BI096CS4LV
925,311,Deposit,7964.16,UZS,6/16/2025,Completed,OTCPD91YSZ
926,1275,Payment,8969.57,USD,3/18/2025,Failed,AX2G7IEBKT
927,2489,Transfer,15962.5,USD,10/23/2025,Pending,2YDE71BN03
928,1627,Deposit,4986.84,USD,7/10/2025,Completed,YN3IW24RQP
929,398,Withdrawal,3358.59,USD,4/20/2025,Pending,FG1D4HS7NA
930,329,Transfer,18470.83,UZS,12/16/2025,Pending,X3WP6KBFU7
931,2029,Withdrawal,1222.07,USD,1/13/2025,Failed,29L5BJNMTF
932,959,Transfer,11362.62,GBP,9/26/2025,Failed,SGO31X42AB
933,452,Transfer,16151.73,UZS,1/22/2025,Failed,PA1IDZOSG6
934,1576,Transfer,9044.55,USD,9/1/2025,Pending,V2L3DRY7AO
935,2523,Payment,18216.02,USD,5/8/2025,Completed,OZTX8VCUPI
936,950,Transfer,18882.99,USD,7/7/2025,Pending,G3FK0YEWTX
937,545,Deposit,10347.02,GBP,5/27/2025,Completed,9N8ZYEXAUO
938,1062,Payment,10681.76,GBP,10/20/2025,Pending,16Q4NI0GBD
939,1475,Transfer,1364.75,GBP,4/9/2025,Completed,PKTXSF7CDY
940,1254,Withdrawal,3588.96,USD,11/4/2025,Pending,KV7QE92WHD
941,728,Payment,15763.56,UZS,12/13/2025,Completed,1ZNK6UOC9S
942,1788,Payment,4850.05,USD,6/14/2025,Pending,M3528SNLTX
943,10,Deposit,17715.18,UZS,4/4/2025,Pending,W8ZR4TBSMY
944,1672,Payment,10128.4,EUR,4/27/2025,Failed,5D3JR7TFS8
945,1855,Transfer,15126.45,EUR,10/17/2025,Failed,SOJ4AK7F8M
946,2530,Deposit,17223.66,EUR,1/7/2025,Failed,6QJXFP9HRZ
947,2132,Transfer,8018.75,USD,1/5/2025,Pending,Y6X1K8M5BA
948,2465,Withdrawal,8349.81,UZS,8/26/2025,Completed,HVE6T8POI1
949,2540,Withdrawal,10918.7,GBP,12/16/2025,Failed,O7RGVQANTD
950,1104,Transfer,3061.52,USD,10/4/2025,Failed,1YI4VJS2HZ
951,1332,Transfer,5763.03,UZS,3/15/2025,Pending,6BQ4PU9X5S
952,1878,Transfer,14561.74,GBP,1/4/2025,Pending,5732RZY9TP
953,541,Deposit,12009.25,GBP,5/24/2025,Failed,8X49GNDC5E
954,1064,Payment,17483.53,USD,11/22/2025,Pending,S2PWN85DH9
955,2223,Deposit,10044.41,EUR,7/21/2025,Failed,50ZUORCI2Q
956,153,Payment,5537.23,USD,1/8/2025,Completed,MPLD317YEF
957,2440,Withdrawal,14937.69,UZS,4/25/2025,Pending,YZH4R3EQ51
958,104,Withdrawal,5080.55,GBP,1/4/2025,Completed,CXN6OK0STG
959,429,Transfer,5344.03,GBP,3/14/2025,Failed,XZ7MDBPA2W
960,2484,Withdrawal,16169.24,USD,2/2/2025,Failed,C3FDA8MT7L
961,575,Payment,3957.82,UZS,3/30/2025,Failed,W3ADUSCPGY
962,2186,Transfer,17530.79,EUR,4/27/2025,Pending,UXG6DL0BTK
963,2468,Deposit,1829.56,GBP,6/22/2025,Completed,XKPVGT6UMS
964,1262,Deposit,16091.2,GBP,6/11/2025,Completed,E769821Q5N
965,2286,Deposit,6049.74,UZS,4/9/2025,Completed,1SHGXM9DWC
966,844,Transfer,10430.71,GBP,9/29/2025,Failed,LHYKR0WZ16
967,201,Transfer,8755.84,EUR,12/18/2025,Failed,CP6R7EW41L
968,2357,Withdrawal,18360.93,EUR,4/13/2025,Pending,YZFP85WTGV
969,2535,Payment,495.44,USD,1/30/2025,Completed,EGTO2ISUV6
970,2322,Transfer,2012.71,GBP,3/21/2025,Completed,FXUBP7TM3W
971,1156,Withdrawal,17375.83,UZS,3/5/2025,Completed,A9ZB1D0SPI
972,1984,Withdrawal,1342.55,USD,5/29/2025,Failed,IKCS0JG4X5
973,844,Deposit,5081.53,UZS,6/6/2025,Completed,VW7J1FYRMC
974,670,Withdrawal,19311.89,GBP,2/7/2025,Pending,M794QECHA5
975,1503,Deposit,3315.22,USD,5/13/2025,Completed,7NO056CZXP
976,1575,Payment,16747.66,USD,3/23/2025,Completed,JOWLQ3TUFK
977,538,Withdrawal,5094.17,UZS,4/3/2025,Failed,7564KALDUN
978,2502,Transfer,13564.07,EUR,7/27/2025,Pending,E1BP2GJWKZ
979,1922,Deposit,18369.8,EUR,2/21/2025,Completed,KJ21IBSD7Z
980,1297,Deposit,15459.85,GBP,7/9/2025,Pending,2WM4P8GOIT
981,1637,Withdrawal,389.38,USD,1/2/2025,Failed,YLI8AJEBM2
982,1413,Transfer,11991.06,UZS,9/13/2025,Failed,DKPSQ5LRNW
983,544,Deposit,11547.77,USD,7/31/2025,Pending,EJDOH7BR1Q
984,715,Payment,12282.43,GBP,12/18/2025,Pending,CEA72BSMW0
985,768,Withdrawal,14697.3,EUR,2/11/2025,Completed,VWM24HOP3G
986,60,Transfer,18116.43,GBP,1/10/2025,Pending,FPSXOUBYGH
987,1263,Deposit,8070.35,GBP,11/8/2025,Completed,73K806CLFZ
988,172,Payment,12981.14,GBP,10/22/2025,Failed,0I4671JNAX
989,964,Withdrawal,18723.28,GBP,8/17/2025,Pending,OY90I87NL1
990,447,Withdrawal,3303.02,UZS,1/26/2025,Failed,G65C7W9JLV
991,2053,Deposit,15405.55,UZS,7/20/2025,Failed,MV0TJ1RXAC
992,1570,Deposit,11147.64,GBP,1/16/2025,Pending,B2DT9W3L7Q
993,505,Withdrawal,4712.52,UZS,10/6/2025,Failed,HY7AKSNEZ4
994,1857,Transfer,2378.83,GBP,2/9/2025,Pending,AWHX8M7C2V
995,660,Withdrawal,10577.02,USD,1/7/2025,Failed,A04VQKNHPG
996,857,Withdrawal,13253.14,UZS,11/29/2025,Failed,E2C6VGO3T1
997,932,Deposit,17983.4,GBP,9/8/2025,Failed,KMGXWN72SO
998,644,Deposit,9801.08,UZS,11/5/2025,Failed,BFXGI4C9Y0
999,146,Transfer,14148.12,USD,7/16/2025,Pending,AO1MG6FKC9
1000,209,Deposit,18830.9,USD,1/20/2025,Pending,3NE4Z5IOXS
